,1_sentence,2_sentence,3_y_predict,4_y_predict_name,5_answer,6_answer,7_y_predict_probability
6453,"客人,指定,項目,申請,簽核通知,單號,簽到,Tammy,Lo,表單,簽核,按鈕,Tammy,簽核,無法,一關,VP",,2,其他,4,資訊系統,"[1.10932717e-06 5.99229537e-08 9.89384115e-01 8.02699069e-05
 1.05343945e-02]"
6644,"安裝,Program,Editor,SourceInsight,執行,發生,Windows,錯誤,軟體,移除,安裝,無法,改善,解決",,3,網路,2,其他,[0.0000000e+00 3.1907894e-27 1.9334983e-25 1.0000000e+00 0.0000000e+00]
4830,"電腦,出現,法開,情況,啟動,修復,功能,正常,電腦,無法,Log,in,Quanta,Server,目前,Lync,Outlook,使用",,2,其他,3,網路,[8.269259e-04 7.070132e-05 9.424699e-01 5.056321e-03 5.157620e-02]
1026,"轉調,部門,需要,群組,移除,信箱",,2,其他,0,Outlook與郵件,[7.0550339e-09 2.8975020e-09 7.3726320e-01 3.4756711e-06 2.6273328e-01]
5376,"or,cad,license,fail,問題,無法,正常,使用",,3,網路,2,其他,[7.7784702e-05 3.1239053e-03 2.8925538e-02 9.6768636e-01 1.8634043e-04]
3808,"OrCAD,是否,支援,win7,版本",,0,Outlook與郵件,2,其他,[9.9999976e-01 9.2904790e-19 2.4373773e-07 4.9006065e-15 7.4920140e-11]
6255,"IE,網頁,中毒,綁架,首頁",,0,Outlook與郵件,2,其他,[9.8674566e-01 8.8319712e-07 1.3087386e-02 1.8930359e-05 1.4709013e-04]
5958,"OCS,撥打,權限問題,請教",,1,SAP,2,其他,[0.00122503 0.8823864  0.04465633 0.02060673 0.05112558]
5677,"網路,孔不通,IPT,畫面",,1,SAP,3,網路,[6.1428060e-21 1.0000000e+00 2.3421953e-09 4.6260860e-12 1.1712490e-13]
4974,"電腦,即時,監控,發現,ADW,LINKURYTOMB,間諜,程式,出現,即時,監控,畫面,無法,正常,用電,腦上",,3,網路,2,其他,[1.0073221e-19 1.0475255e-11 8.5315435e-11 1.0000000e+00 2.1331215e-17]
6155,"回來,無法使用,網路",,2,其他,3,網路,[0.00756963 0.02120471 0.89944077 0.03459784 0.03718702]
8924,"採購,簽核,送到,法務,單號,APP81",,1,SAP,4,資訊系統,[3.9875679e-13 9.9999416e-01 5.7710004e-06 1.1287480e-07 1.0203356e-08]
1666,"word,excel,outlook,powerpoint,使用,貼上,附件,出現錯誤,無法使用",,0,Outlook與郵件,2,其他,[9.9884027e-01 2.9144704e-11 1.1592380e-03 1.0816404e-08 5.3368643e-07]
7929,"the,second,level,logon,fail",,4,資訊系統,1,SAP,[2.1956781e-08 1.0470186e-06 5.3587875e-05 2.8565958e-06 9.9994254e-01]
2059,"使用,Citrix,登入,SAP,系統,導入,QCICITIRX,SAP,05,RSQUANTA,COM,無法進入",,2,其他,1,SAP,[1.8260891e-15 1.8951075e-13 1.0000000e+00 4.5753071e-11 3.7390320e-11]
2977,"無法登入,系統,無法,申請,交通車,同事,正常,連線,嘗試,開機",,3,網路,4,資訊系統,[1.4762262e-12 4.1422879e-08 4.4991311e-06 9.9999547e-01 7.2724105e-12]
9341,"勒索,病毒,重灌,需要,出差,希望,越快,完成,越好",,3,網路,2,其他,[0.00327729 0.01950466 0.07906799 0.8891587  0.00899135]
4841,"Sir,無法,登錄,客戶,HP,Sudden,Impact,OBS,tracking,website,所有,工廠,出差,人員,全部,無法,登錄,客戶,網站,開啟,下麵,網址,選擇,Partner,BPIA,PRACS,跳出,選擇,登錄,憑證,工廠,選擇,登錄,憑證,直接,顯示,無法,登錄,網站,The,below,is,HP,Sudden,Impact,website",,2,其他,3,網路,[2.8268158e-21 6.0680556e-25 1.0000000e+00 5.1499698e-14 6.6491327e-13]
6001,"office,excel,出現,認證,訊息",,0,Outlook與郵件,2,其他,[0.69259304 0.01017857 0.18208796 0.02225149 0.09288888]
9579,"尋問,合約,申請書,相關,問題",,3,網路,4,資訊系統,[1.7299236e-06 1.0776673e-03 1.9635134e-03 9.9695086e-01 6.1533474e-06]
9578,"廣達,VPN,無法使用,Skype",,1,SAP,2,其他,[1.5996210e-26 1.0000000e+00 1.1209921e-11 2.5392034e-15 3.7990175e-17]
4956,"電腦,密碼過期,當事人,請假,委託,同事",,0,Outlook與郵件,2,其他,[0.4537956  0.00378452 0.12067638 0.41127363 0.0104699 ]
7476,"QRDCFS01,VNC,權限,安裝",,0,Outlook與郵件,2,其他,"[9.32239592e-01 1.12397756e-04 5.06732911e-02 6.03736960e-04
 1.63709670e-02]"
7710,"預約,按摩,網站,故障",,1,SAP,4,資訊系統,[3.9955004e-04 9.2986417e-01 3.9469179e-02 1.3884631e-02 1.6382560e-02]
9684,"網路,孔號,7578,網路不通,無線網路,不通",,2,其他,3,網路,[1.2875414e-16 2.8946844e-18 1.0000000e+00 1.6575778e-12 5.3368674e-11]
3028,"顯示,容量,已滿,mail,收到,本機,電腦",,2,其他,0,Outlook與郵件,[9.9765053e-13 4.9535587e-13 1.0000000e+00 3.3841994e-09 1.6329880e-08]
9213,"同事,寄信,給我,傳送,失敗,查一下,Microsoft,Outlook,動作,Cen,Kuo,Chen,陳建國,2013,11,上午,11,36,傳遞至,下列,收件,群組,失敗,Cen,Kuo,Chen,陳建國,找不到,輸入,電子郵件地址,檢查,收件,電子郵件地址,嘗試,新傳,送郵,問題,持續,發生,支援,人員",,3,網路,0,Outlook與郵件,[5.6310949e-11 2.8256903e-07 3.6486560e-06 9.9999607e-01 9.7523642e-11]
2359,"送單,出現,error",,2,其他,4,資訊系統,[0.05627702 0.05598823 0.7373687  0.07107977 0.07928628]
710,"ubuntu,server,ip,10.241,57.10,git,server,使用,ip,210.61,111.20,客人,使用,code,一陣子,客人,無法連上,遇到,error,訊息,ssh,connect,to,host,210.61,111.20,port,22,Connection,timed,out,fssh,connect,to,host,210.61,111.20,port,22,Connection,timed,out,fatal,Could,not,read,from,remote,repository,資訊需求申請單,想想,應該,1999,改填,1999,內部,測試,10.241,57.10,可否,check",,0,Outlook與郵件,3,網路,[9.9729544e-01 3.7369921e-12 2.7044404e-03 4.9095772e-09 1.1121139e-07]
7708,"表示,填單,最多,只能,20,填去,還會,錯誤訊息",,2,其他,4,資訊系統,[2.3594540e-20 3.6094047e-22 1.0000000e+00 4.3754104e-14 6.4795033e-13]
4595,"出現,信箱,已滿,訊息,相關,備份,操作",,2,其他,0,Outlook與郵件,[0.0466994  0.04747459 0.6610677  0.1368925  0.10786576]
3166,"忘記,登入,廣達,網域,密碼",,0,Outlook與郵件,2,其他,"[9.69821274e-01 3.28255446e-05 1.83442645e-02 1.07271844e-04
 1.16943223e-02]"
6306,"Sony,網頁,對方,port,1494,使用,裡面,應用程式",,0,Outlook與郵件,3,網路,[9.9999940e-01 1.0450437e-16 5.5612600e-07 1.5247450e-14 6.3107863e-10]
3474,"公司,信件,提示,密碼,錯誤",,0,Outlook與郵件,2,其他,[1.0000000e+00 2.8714064e-30 6.1384535e-12 3.3294116e-25 1.5302997e-17]
7353,"訪客,表示,開啟,網路,出現,廣達,訪客,驗證,畫面,會議室,188",,2,其他,3,網路,[0.000000e+00 0.000000e+00 1.000000e+00 0.000000e+00 5.762342e-35]
9052,"無法,直接,開啟,EXCEL,檔案",,3,網路,2,其他,[2.4164288e-12 9.9591489e-08 5.1998893e-07 9.9999940e-01 4.1554031e-11]
4112,"人員,離職,詢問,轉單",,2,其他,4,資訊系統,[0.36288482 0.03651069 0.4226694  0.10051447 0.07742056]
2854,"Dell,TDS,操作,錯誤訊息",,2,其他,1,SAP,[1.3184590e-13 2.1061750e-14 1.0000000e+00 8.5979701e-10 1.5011136e-09]
7832,"帳號密碼,客人,無法使用,網路",,4,資訊系統,3,網路,[0.00548208 0.00776412 0.37457955 0.02470042 0.58747387]
6888,"Pro,4.0,Creo,2.0,安裝,完成,開啟,軟體,跳出,License,警告,ok,軟體,自動,關掉,嘗試,時段,開啟,出現,相同,錯誤",,2,其他,4,資訊系統,[3.5868950e-08 1.0165069e-10 9.9958116e-01 4.1862953e-04 2.0271361e-07]
9494,"有線,無線網路,不通,早上,變更,密碼,正常,使用,網路,剛剛,辦公室,無法使用",,0,Outlook與郵件,3,網路,[7.2006094e-01 7.0544542e-04 2.6881635e-01 2.5817684e-03 7.8354944e-03]
6250,"網路,連線,跳出,密碼過期,訊息",,4,資訊系統,3,網路,[0.0015884  0.00576358 0.04523886 0.01010138 0.9373077 ]
293,"報修,Office2007,無法使用",,4,資訊系統,2,其他,[1.8003710e-13 2.8110981e-11 3.9083861e-08 3.5447623e-10 1.0000000e+00]
218,"MRO2,2nd,source,掛了,填寫,點選,畫面,錯誤",,0,Outlook與郵件,4,資訊系統,[9.7499532e-01 2.0999298e-05 2.2614947e-02 2.3473542e-04 2.1339145e-03]
3158,"concept,還在,使用,下班,電腦,關機,當機,從開,Concept,移除",,3,網路,2,其他,[2.3897471e-06 1.9902038e-05 1.9703640e-04 9.9978024e-01 4.2583707e-07]
7132,"openvpn,連線,公司,網頁,連不上",,0,Outlook與郵件,3,網路,[9.9956888e-01 1.5028495e-09 4.2569736e-04 1.3055284e-06 4.0004184e-06]
8234,"會議室,無線網路,無法連線,會議室,413,兩位,客人,一個,一個,不行,連上",,0,Outlook與郵件,3,網路,[0.6237429  0.00070507 0.06372309 0.00173344 0.31009555]
8895,"變更,密碼,設定檔,遺失",,1,SAP,2,其他,[2.6770451e-06 9.9132347e-01 7.6710493e-03 8.5197465e-04 1.5078830e-04]
3350,"資料,填錯,單號,APP05,權限,抽單,相關人,抽單",,0,Outlook與郵件,4,資訊系統,[1.0000000e+00 2.2803145e-24 1.5112575e-09 6.1636530e-20 7.5757466e-15]
9617,"列印,清楚,轉成,PDF,檔才,列印,清楚",,0,Outlook與郵件,2,其他,[9.9991703e-01 1.9383143e-11 8.2312283e-05 1.1126419e-09 5.7770001e-07]
6242,"Server,網路不通",,2,其他,3,網路,"[2.68770982e-05 1.12085456e-06 9.99751866e-01 1.11559086e-04
 1.08599685e-04]"
1925,"mail,密碼過期,無法登入,收信",,2,其他,0,Outlook與郵件,[0.01189532 0.01033831 0.8438813  0.09581143 0.03807357]
1525,"notebook,OpenVPN,家裡,斷線,斷斷續續,一下子,幾分鐘,不行",,2,其他,3,網路,[0.27680454 0.00278719 0.6892182  0.01765397 0.01353605]
4483,"客戶,ACER,無法使用,帳號,登入,網路",,2,其他,3,網路,[0.09008197 0.08246963 0.54452586 0.10474475 0.17817773]
5168,"密碼過期,密碼,LOGIN,訊息,提是,新設,密碼,但重,新設,定後不行",,3,網路,2,其他,"[1.79372292e-15 2.98936653e-09 1.86567792e-08 1.00000000e+00
 1.01627975e-13]"
8119,"add,domain,in,personal,computer",,4,資訊系統,2,其他,[1.0347120e-08 8.3783635e-07 3.4990528e-05 1.3526460e-06 9.9996281e-01]
8977,"使用,FTP,連結,廠商,廠商,確認,系統,問題,使用,FTP,出現,ACCT,PROXY,PASSWORD,錯誤訊息",,3,網路,2,其他,[2.3252367e-16 4.1938819e-10 5.5264454e-08 1.0000000e+00 3.3312326e-15]
7082,"電腦,USB,顯示,存取,被拒,同事,電腦,正常",,1,SAP,2,其他,[0.00263836 0.867583   0.10606021 0.01552413 0.00819427]
4235,"出差,QSMC,工作,無法,連接,外網,只能連,公司,內部網路,QSMC,方式",,0,Outlook與郵件,3,網路,[1.0000000e+00 1.3369362e-26 3.4756482e-11 9.1782633e-24 6.2871995e-16]
7112,"工廠,寄來,收到,同事,收到",,2,其他,0,Outlook與郵件,[0.33517224 0.06345084 0.37545735 0.1097675  0.116152  ]
2589,"PK15,A231,網路,燈號,不亮",,4,資訊系統,3,網路,[0.0235498  0.0086618  0.1311849  0.00870228 0.8279012 ]
1012,"MRO2,APP87,產生,PO,單號",,2,其他,4,資訊系統,[4.7587056e-07 2.3895016e-08 9.9996841e-01 1.1320588e-05 1.9731879e-05]
9459,"廣達,菁英,學校,電子報,網址,連結,連線,顯示,存取,被拒,操作,權限,網址,HR,提供,連結,連線,時也,顯示,存取,被拒,操作,權限,網址,為公,連結,資源,連線,拒絕,訪問",,2,其他,3,網路,[2.0538540e-07 1.3175036e-11 9.9999893e-01 7.5617052e-08 7.3024080e-07]
7472,"Ping,10.242,184.38,可通,連不上,share,folder",,2,其他,3,網路,[7.8489660e-17 2.1000986e-17 1.0000000e+00 2.4401639e-11 3.1857739e-11]
5247,"南棟,三樓,ESBU,網孔,不通,C343",,2,其他,3,網路,[2.6433100e-04 9.4304828e-04 9.9482203e-01 1.8285556e-03 2.1420175e-03]
3261,"來賓,開通,上網,權限,目前,QSMC,使用,RJ45,連結,QSMC,出差",,0,Outlook與郵件,3,網路,[9.9866390e-01 8.0722486e-08 1.3102479e-03 4.1432224e-07 2.5360219e-05]
1244,"NB4,搬遷,4F,兩台,server,需要,搬遷,設定,網路",,2,其他,3,網路,[5.1160964e-06 7.0673565e-07 9.9926406e-01 8.8116976e-05 6.4193917e-04]
4291,"網路,上要,下載,檔案,出現,安全性,封鎖,檔案,訊息",,0,Outlook與郵件,2,其他,[9.9999809e-01 1.4055943e-14 1.9510601e-06 5.1750227e-13 3.4872458e-09]
8475,"OCS,無法,QSMC,同仁,OC,上面,狀態,未知,訊息,無法,發送,登入,沒有用",,3,網路,2,其他,[0.31339568 0.11487981 0.1475654  0.38320637 0.04095279]
6759,"詢問,重灌,os,office",,3,網路,2,其他,[1.5228184e-05 6.9276342e-04 2.2690436e-03 9.9700207e-01 2.0881123e-05]
6179,"希望,增加,Project,成員,一個,Group,做為,郵件",,3,網路,0,Outlook與郵件,[0.00679986 0.06570406 0.19739781 0.71982217 0.01027607]
4378,"網路,孔不通,PA10,B010",,1,SAP,3,網路,[8.7780471e-20 1.0000000e+00 7.2430932e-09 1.9655945e-11 8.4843130e-13]
520,"電腦,WIN7,系統,2019,12,31,限制,windos7,使用,雲端,QCO,登入,雲端,電腦桌面,請問,到時,申請,WIN10,系統,電腦,資訊部,安裝,WIN10",,3,網路,2,其他,[1.5167107e-03 3.4423164e-04 3.7354469e-01 6.2370390e-01 8.9046999e-04]
9443,"無法上網,加入,網域",,2,其他,3,網路,[0.05046013 0.01474684 0.7835397  0.0351547  0.11609867]
4199,"wireless,network,keeps,checking,ID,and,always,disconnect,happens,on,the,office,desk,other,people,has,no,problem",,2,其他,3,網路,[1.7546780e-07 1.3590173e-07 7.8990173e-01 4.1197349e-05 2.1005671e-01]
4478,"郵件,title,廣達,電腦,股份有限公司,採購單,時間,2018,03,28,16,37",,2,其他,0,Outlook與郵件,[0.1559314  0.10819253 0.45968264 0.16168141 0.11451196]
6382,"ECN,NO,E0,1851,轉入,218",,4,資訊系統,1,SAP,[1.8742806e-10 1.5298498e-08 4.8028874e-06 8.5996263e-08 9.9999511e-01]
3524,"收到,公司,郵件,退信,訊息,顯示,下列,組織,拒絕,郵件,74.125,204.26",,3,網路,0,Outlook與郵件,[5.1831210e-09 5.0771643e-05 6.0363731e-04 9.9934560e-01 3.9837452e-08]
2041,"sap,QCI,PUR4,部門,帳號,登錄,無法使用,帳號,登錄,使用,QSMC,General,功能",,2,其他,1,SAP,[8.207494e-18 9.374039e-18 1.000000e+00 7.512331e-12 3.752793e-11]
2103,"工作,電腦,時常,hang,找不到,目前,hang,無法,作業,提供,方法,幫助,排除",,3,網路,2,其他,[1.7583150e-11 7.9174652e-07 2.2066459e-05 9.9997711e-01 1.3949808e-10]
2230,"作業系統,安裝,出現,WDS,clients,無法,啟動,訊息",,3,網路,2,其他,[0.04395357 0.11031233 0.37382397 0.404005   0.06790511]
5421,"詢問,BPM,CUSTOM,DATA",,3,網路,4,資訊系統,[7.4666159e-06 1.0567791e-03 4.3414398e-03 9.9457151e-01 2.2843158e-05]
7122,"使用,帳號,登入,SAP,發生,無該,授權,登入問題",,3,網路,1,SAP,[2.4798930e-11 5.3476782e-07 7.6068193e-07 9.9999881e-01 4.9170907e-11]
2118,"NB,無法連到,qrdcprt02,部門,共用,檔案,server,27,換開,密碼,乙太網路,區域網路,相關,訊息,DNS,尾碼,quanta,corp,IPv4,10.241,104.217,網路,遮罩,255.255,252.0,預設,閘道,10.241,104.1",,2,其他,3,網路,[1.6808266e-06 1.0807109e-08 9.9568897e-01 2.8685905e-05 4.2806733e-03]
8042,"薪資單,公告,無法開啟",,2,其他,0,Outlook與郵件,[0.01141411 0.01113321 0.50192255 0.04088239 0.43464777]
9780,"BPM,flow,無法,展開",,3,網路,4,資訊系統,[0.00162608 0.01261213 0.2737676  0.7096036  0.00239056]
6745,"無法收發,信件,無法連結,外部,網站",,0,Outlook與郵件,3,網路,[9.9927670e-01 7.0883637e-09 6.9916638e-04 9.6167547e-08 2.4112738e-05]
4995,"刪除,window,系統",,3,網路,4,資訊系統,[3.7348394e-07 1.4873313e-04 4.0126781e-04 9.9944836e-01 1.3455702e-06]
10089,"電腦中毒,執行,惡意,程式",,3,網路,2,其他,[1.3854846e-22 9.0656371e-14 1.4454645e-12 1.0000000e+00 5.6286002e-20]
506,"sap168,218,無法,列印,設定",,0,Outlook與郵件,1,SAP,[0.45350152 0.0452408  0.27646458 0.10455683 0.12023626]
5033,"客戶,地點,N612",,4,資訊系統,3,網路,[0.04866239 0.0688692  0.28047475 0.19237646 0.40961722]
942,"廠商,將兩筆,spments,合併,立於,一張,invoice,需求,將已,完成,驗收,資料,取消,原分,驗收,合併,張驗,收單,驗收,PO,MRO,APP82,GR",,2,其他,4,資訊系統,[2.6484229e-06 6.8896011e-10 9.9950695e-01 1.4652738e-05 4.7582091e-04]
5321,"168,Creat,單號,使用,ZN93,218,SO,轉換,系統,發生,ERROR,無法,完成,作業",,3,網路,1,SAP,[4.3250877e-02 2.4755640e-04 5.9905317e-02 8.9603186e-01 5.6436670e-04]
3591,"無法登入,168.268,318",,3,網路,1,SAP,[0.00153697 0.01921736 0.2509471  0.7254429  0.00285575]
3480,"有線網路,取不到,憑證,無法登入",,2,其他,3,網路,[0.07937865 0.11416905 0.39060232 0.23304172 0.18280827]
220,"填單,完成,出現,500,error,單號,成立,流程,完成,一半,單號,APP50",,2,其他,4,資訊系統,[2.3125500e-14 5.9609631e-16 1.0000000e+00 2.2080993e-10 7.8986589e-10]
3659,"無法登入,168,顯示,訊息,遠端,電腦,必需,權限,使用",,3,網路,1,SAP,[3.4693550e-11 1.3812468e-07 2.7038314e-07 9.9999964e-01 6.5516356e-11]
6530,"電腦,公司網路,proxy,關閉,連到,外部,網路,開起,無法",,1,SAP,3,網路,[1.0661022e-25 1.0000000e+00 2.2062836e-11 7.8396381e-15 1.6904799e-16]
8140,"Pro,不太動,重灌,OS,軟體",,3,網路,2,其他,[1.6447310e-24 6.5648713e-15 1.4346973e-12 1.0000000e+00 2.8711659e-22]
3579,"無法收到,特定,銀行,發送,水單,Domain,gtrf,hsbc,com,IP,Addresses,203.112,91.41,203.112,86.41",,2,其他,0,Outlook與郵件,[2.5719319e-28 7.0709578e-33 1.0000000e+00 2.5016537e-19 9.8031681e-18]
6944,"SIT,FTP,Server,HP,存取,資料,上週,HP,突然,無法,連入,FTP,內部,連入,正常,外部,IP,210.61,111.215,廣達,內部,IP,10.241,144.7",,3,網路,2,其他,[2.2764548e-17 1.5724037e-09 6.6708522e-10 1.0000000e+00 2.6145851e-15]
4846,"密碼,網路,無法連線,有三,台電,網路,正常,無法連線",,1,SAP,3,網路,[4.2957486e-06 9.9112731e-01 5.7897680e-03 2.4171667e-03 6.6150702e-04]
4702,"問題,描述,Step,廣達,菁英,校選,任一,課程,Step,點選,播放,課程,片時,錯誤訊息,無法,撥放,投影片,伺服器錯誤,404,找不到,檔案,目錄,尋找,資源,移除,名稱,變更,暫時,無法使用",,0,Outlook與郵件,4,資訊系統,[0.8082104  0.00605661 0.08794938 0.01027893 0.08750467]
6946,"申請,展延,客戶,識別證,勾選,無線網路,二組,無線,帳號密碼,客戶,使用,客戶,名稱,使用,期限,玉堂,19,19,楊琦婷,27,27",,2,其他,3,網路,[3.6176180e-09 6.8625376e-11 9.9997365e-01 1.2625151e-06 2.5027965e-05]
2291,"PC,想重,安裝,win7,光碟,重灌",,0,Outlook與郵件,2,其他,[9.9999380e-01 4.8328164e-15 6.1676101e-06 2.9649714e-12 8.5550127e-09]
8376,"電腦,重灌,電腦,尋不到,印表機",,3,網路,2,其他,[1.9259360e-03 2.3473229e-05 1.4342577e-03 9.9660969e-01 6.7432779e-06]
7303,"狀態,灰色,連線,重開,無效",,3,網路,2,其他,[4.5513906e-14 9.1505061e-09 3.3772945e-08 1.0000000e+00 2.7550219e-12]
4441,"家裡,無法,連回,公司,Server",,0,Outlook與郵件,3,網路,[0.5246243  0.01697757 0.3359746  0.03795196 0.08447157]
6782,"課程,無法,自動,播放",,3,網路,4,資訊系統,[0.02077277 0.06265795 0.40965205 0.47405705 0.03286018]
5777,"PDM,系統,簽核,問題",,3,網路,2,其他,[0.00391352 0.02902142 0.05256373 0.9087227  0.00577867]
8328,"無法登入,sap23",,4,資訊系統,1,SAP,[0.00834637 0.01568981 0.087101   0.01919435 0.8696685 ]
52,"網路不通,port,PD08,A058",,2,其他,3,網路,[1.4493801e-22 1.0460216e-23 1.0000000e+00 9.9719197e-17 5.9045680e-15]
1545,"Archer,R0E,底下,之前,assign,人員,張雅欣,林俊志為,QCI,TL,subrole,member,專案,需求,這兩,已經,re,assign,案子,R0E,移除,project,member,settings,目前,delete,功能,選擇",,2,其他,4,資訊系統,[1.6122527e-07 2.8842225e-11 9.9996150e-01 3.7009864e-05 1.4247953e-06]
4826,"觀看,課程,績效,評估,面談,目標,設定,績效,管理,播放,斷斷續續,無法,正常,觀看",,2,其他,4,資訊系統,[0.10427621 0.12251872 0.33535016 0.11937425 0.31848067]
5878,"寄件,過的,無法,自動,儲存,關機,清除",,1,SAP,0,Outlook與郵件,[7.8540506e-05 9.8445201e-01 1.3064917e-02 1.6678824e-03 7.3668046e-04]
2975,"無法連到,部門,印表機,列印",,0,Outlook與郵件,2,其他,[9.9998379e-01 1.3644833e-13 1.6179820e-05 6.2015053e-11 4.0915381e-08]
3846,"無法開啟,附加,檔案,pdf",,1,SAP,4,資訊系統,[0.0300676  0.42171246 0.16248357 0.11367382 0.27206248]
6431,"Bom,操作,問題,Excel,無法,Download,code,ZV33",,0,Outlook與郵件,1,SAP,[6.0655630e-01 1.7424327e-05 3.9199847e-01 4.0994174e-04 1.0178555e-03]
8385,"位置,外網,登入,進入,Myquanta,無法進入,BPM,系統,Ts,page,can,be,displayed",,2,其他,3,網路,[2.4902873e-02 5.0445374e-07 9.7384042e-01 1.9716778e-04 1.0590523e-03]
5748,"MSN,升級,新版,無法連線,出現,訊息,無法登入,防火牆,主要,連接埠,出現,黃色,驚嘆號",,4,資訊系統,3,網路,[0.01048083 0.0136148  0.42652452 0.01895598 0.5304239 ]
7762,"電腦,外帶證申請單,無法,CAMP,簽核,預報,加班,加班申請單,不行",,1,SAP,4,資訊系統,[2.2189926e-17 1.0000000e+00 2.9937617e-08 4.2880074e-11 2.3086079e-12]
1324,"Report,下載,中文,下載,顯示,亂碼,測試,管理,平臺,Phase,II,附件,檔案,參閱",,2,其他,4,資訊系統,[3.9719592e-18 2.5658479e-27 1.0000000e+00 1.1192794e-17 6.7939649e-15]
10099,"Guest,網路,無法使用,請用,mail,聯繫",,4,資訊系統,3,網路,[1.2437955e-12 4.5212969e-10 2.0910953e-07 4.6761612e-09 9.9999976e-01]
1039,"半個,收到,MIS,mail,移除,Java,軟體,目前,發現,無法,pdf,file,浮水印,字體,Quanta,Confidential,字樣,report,上給,客人,希望,MIS,安裝,Java,for,PDF,file,轉檔,浮水印,字樣,report,客人",,2,其他,4,資訊系統,[1.6113647e-12 7.1447102e-15 9.9999106e-01 8.5203364e-09 8.9449832e-06]
6430,"SO,完整,cannot,create,delivery",,0,Outlook與郵件,1,SAP,[9.9979740e-01 9.1205086e-14 1.8518622e-05 1.3974821e-12 1.8409282e-04]
7640,"有線網路,會時,斷線,無線網路,無法使用",,2,其他,3,網路,[0.00567434 0.006239   0.9128089  0.04567412 0.0296036 ]
6108,"北棟,H2BU,Server,網孔,A445,訊號,開通",,0,Outlook與郵件,3,網路,[9.9997604e-01 1.9013620e-13 2.3970348e-05 8.7318881e-11 4.2821490e-08]
6828,"北棟,6F,NB3,無線網路,無法連線,出現,驚嘆號",,2,其他,3,網路,[1.2465674e-07 2.3805498e-08 9.9993443e-01 1.4367868e-05 5.1040046e-05]
3010,"開機,顯示,無法,升級,OfficeScan,代理,城市,安裝,套件,OfficeScan,伺服器,建立,伺服器,並理,安裝,這部,電腦,用戶端,OfficeScan,管理,報告,問題",,0,Outlook與郵件,2,其他,[0.6676166  0.02245078 0.2542337  0.03230382 0.02339515]
7770,"達豐,使用,SAP,218,系統,操作,發生,Delivery,no,function,問題,Charles",,3,網路,1,SAP,[5.8766204e-28 1.3504243e-15 1.7759265e-14 1.0000000e+00 4.7090884e-25]
10061,"網路,孔有,問題,檢測,確定,無法上網,原因,是否,網路,問題",,2,其他,3,網路,[5.7031623e-14 3.2289385e-15 1.0000000e+00 1.0762195e-10 1.1125815e-09]
6376,"單號,app46,無法,簽收,出現錯誤",,0,Outlook與郵件,4,資訊系統,[0.6057938  0.015199   0.282369   0.03251661 0.06412165]
3796,"重灌,電腦,要重,新設",,3,網路,2,其他,[2.1312594e-06 1.7555739e-04 6.2134199e-02 9.3768406e-01 4.0165905e-06]
7725,"HP2014,列印,出現,亂碼,HP2300,無法,連接,列印",,0,Outlook與郵件,2,其他,[9.9999571e-01 4.4328711e-15 4.2358165e-06 1.7111206e-12 6.0345617e-09]
8326,"工作,需求,請問,申請,開單,權限",,0,Outlook與郵件,2,其他,[9.9995196e-01 1.5830807e-12 4.7597121e-05 1.7969834e-10 4.3078199e-07]
3151,"北棟,6F,3R209,孔號,PO02,A314",,2,其他,3,網路,[1.1642729e-13 1.0190510e-14 1.0000000e+00 5.3416771e-10 7.9120825e-09]
1964,"ID,NB2WENY",,2,其他,3,網路,[0.0181417  0.02144573 0.45894307 0.04367527 0.45779422]
7820,"Win7,驅動程式,系統,跳出,訊息,安全,拒絕,存取",,0,Outlook與郵件,2,其他,[1.0000000e+00 1.1061798e-18 1.4269033e-08 4.1999483e-18 9.5405519e-13]
1079,"outlook,無法開啟,認證,郵件,薪資",,0,Outlook與郵件,4,資訊系統,[9.9991477e-01 9.4041063e-08 8.4973894e-05 8.5257457e-10 1.4012132e-07]
1824,"Nb3rd1,Project,can,be,closed,Please,help,to,confirm,it,TKS",,2,其他,4,資訊系統,[0.01444924 0.00489216 0.78972363 0.02130249 0.16963252]
4587,"QSIT,BLO,案子,上傳,AVL,v1.0,內容,誤刪,v0.9,內容,USB,01,誤成,造成,v0.9,avl,內容,大部份,消失,修復",,0,Outlook與郵件,4,資訊系統,[9.9999833e-01 4.6008580e-16 1.7125018e-06 2.2277376e-13 1.3528676e-09]
2189,"網路,顯示,登入,資訊",,0,Outlook與郵件,3,網路,[9.9064273e-01 1.7551781e-06 8.7169977e-03 2.0338097e-05 6.1819231e-04]
3836,"無線網路,無法,搜尋到,Staff",,4,資訊系統,3,網路,[7.5737423e-11 6.1964118e-09 3.4174393e-06 4.6892154e-08 9.9999654e-01]
10129,"北棟,五樓,nb7,office,孔號,PH07,A151,改到,PH07",,0,Outlook與郵件,3,網路,[9.9671113e-01 3.0723103e-07 3.1646849e-03 2.9718431e-06 1.2089175e-04]
546,"加入,QSMC,Mail,Group,收到,不相干",,4,資訊系統,0,Outlook與郵件,[0.04405179 0.13211222 0.21017838 0.05989461 0.553763  ]
10107,"法順,利變,網域,密碼",,1,SAP,2,其他,[0.02890394 0.39567554 0.16833296 0.351491   0.0555966 ]
7869,"使用,BPM,系統,裡的,Customer,Data,表單,資料,原始,資料,不符,情形,需要,修改,相關同仁",,4,資訊系統,1,SAP,[0.12499943 0.08272456 0.08724039 0.02660766 0.67842793]
5704,"工作,需求,使用,google,雲端,硬碟,單機版,功能,裝完,連線",,3,網路,2,其他,[5.2400837e-03 1.6930085e-03 3.0658437e-02 9.6209455e-01 3.1403254e-04]
1583,"無法使用,Agile,使用,網路版",,1,SAP,4,資訊系統,[0.00141949 0.8238772  0.07753158 0.09004609 0.00712564]
1112,"部門,內部,幾位,新進,人員,帳號密碼,SAP,路徑,權限",,2,其他,1,SAP,[0.0010796  0.1211554  0.85545284 0.011589   0.01072315]
5133,"自行,設定,群組,對方,回信,群組,沒辦法,收到",,2,其他,0,Outlook與郵件,[6.1619762e-15 4.1158893e-17 1.0000000e+00 7.6545697e-12 1.4470465e-10]
2764,"員工,服務處,網頁,無法,打開",,0,Outlook與郵件,4,資訊系統,[1.0000000e+00 1.4291274e-21 1.1956452e-08 4.4056740e-18 1.7989815e-12]
4954,"中午,12,offie,scan,彈出,掃描,訊息,電腦,自動,重開,連續,星期,開啟,檔案,全部,關閉,確定,電腦中毒,本週,之前,發生,過這種,狀況",,3,網路,2,其他,[1.6316722e-08 4.1704247e-05 2.7868185e-05 9.9993026e-01 1.4988348e-07]
6331,"VPN,連線,無法使用,公司網域,開啟,軟體,VPN連線,顯示,安裝,軟體,使用,裝完,每次,連線,重複,出現,公司,使用,PROE,需要,License,Lincese,使用,時間,過期,公司網域,VPN連線,無法,正常,借到,Licese",,2,其他,3,網路,[4.6701123e-05 1.0481081e-06 9.9746585e-01 2.1953301e-03 2.9100431e-04]
8784,"chrome,影響,桌面",,1,SAP,2,其他,[3.1015758e-13 9.9999511e-01 4.7377061e-06 9.8262525e-08 9.1545642e-09]
6352,"有用,CAMP,出勤,申報,加班,完成,加班,申請,還送,了二,確定,Trans,it,根本,沒送,請問,這該",,2,其他,4,資訊系統,[1.6181252e-07 4.8784715e-10 9.9999249e-01 6.3804464e-06 9.5809480e-07]
7037,"尹佳,Jia,Yin,核示申請單,簽核,副總,系統,自動,簽核,想問,是否,回滾,重簽,自動,簽核,是否,異常,詳細,問題,聯繫,申請",,2,其他,4,資訊系統,[1.9623936e-12 3.5195977e-14 9.9999964e-01 2.9895492e-08 3.0668650e-07]
8059,"BPM,合約,申請單,無法使用,填寫,送出,後會,fail",,2,其他,4,資訊系統,[1.1297646e-03 9.7861353e-05 9.7317296e-01 1.0883529e-02 1.4715965e-02]
2675,"MIS,回覆,此問,題為,PDM,系統,問題,連接,mail,ECN,相關,網頁,失敗,星期,問題",,0,Outlook與郵件,2,其他,[9.9999964e-01 6.5600278e-18 3.2625351e-07 4.0722590e-14 1.1865771e-09]
7923,"failed,to,change,password,She,doesn,know,what,it,is,and,cannot,login,Quanta,domain,now",,3,網路,2,其他,[9.4801916e-11 1.1441169e-07 1.3919035e-07 9.9999976e-01 6.9326822e-11]
9294,"密碼過期,無法,正常,更改",,1,SAP,2,其他,[1.6386034e-13 9.9999642e-01 3.4066875e-06 1.6796039e-07 1.1936653e-08]
9201,"無線網路,無法收發,email,透過,有線,收信",,4,資訊系統,3,網路,[3.1824840e-08 1.5795102e-06 6.0589628e-05 7.2635786e-04 9.9921143e-01]
2224,"原本,使用,雲端,收發,郵件,申請,使用,機上,outlook,剛剛,突然,無法,正常,收發,郵件,跳出,登入,視窗,輸入,登入帳號,密碼,無法收發,郵件",,2,其他,0,Outlook與郵件,[1.5119277e-11 6.8971284e-14 1.0000000e+00 3.7236614e-10 1.5251134e-09]
6925,"無法登入,雲端,電腦,雲端,資料,無法,下載,電腦,錯誤訊息,顯示,電腦,無法連線,遠端,電腦,web,proxy,伺服器,驗證,若要,允許,透過,web,proxy,伺服器,傳送,未經,驗證,流量,RD,閘道,伺服器,網路,系統管理員",,2,其他,3,網路,[7.9570184e-10 5.7862543e-10 9.9998569e-01 2.5464467e-06 1.1802991e-05]
8163,"遠端,連接,畫面,全黑,無法登入,遠端",,0,Outlook與郵件,3,網路,[9.9999797e-01 3.2414462e-15 2.0131065e-06 2.1157464e-13 1.4070866e-09]
1016,"can,access",,3,網路,1,SAP,[0.03096773 0.14114568 0.26437047 0.5146178  0.04889825]
1352,"使用,手冊,下載,For,Windows,config,zip,工作,機上,Win7,x64,裝完,OpenVPN,windos,x64,檔案,並已,確定,設定檔,成功,寫入,Program,Files,OpenVPN,config,double,click,OpenVPN,icon,出現,以下,錯誤訊息,無法,打開,OpenVPN,程式,有試,過用,Administrato,權限,執行,無法,打開,建立,程序,失敗,exe,program,files,openvpn,quanta,bin,openvpn,exe,cmdline,openvpn,version,dir,program,files,openvpn,quanta,bin",,0,Outlook與郵件,3,網路,[9.9365038e-01 2.6451207e-06 5.5499482e-03 2.1208932e-04 5.8504863e-04]
3934,"開機,出現,Windows,正版,警告",,3,網路,2,其他,[1.7271608e-08 1.3327254e-05 7.3344163e-05 9.9991322e-01 9.4377114e-08]
5191,"網管,專案,需求,Linux,PC,10.243,64.73,連上,網段,git,server,10.242,118.181,port,number,可否,以下,Ethernet,port,滿足,此一,需求,PQ03,A411,Scott,Lee",,0,Outlook與郵件,3,網路,[9.9995852e-01 4.6788606e-12 4.0838939e-05 1.2589304e-09 5.7583401e-07]
9374,"FTP01,無法使用,客人,上傳,資料,希望",,4,資訊系統,2,其他,[0.0231971  0.02759798 0.16204251 0.03387235 0.75329006]
8933,"QPM5,Can,print",,4,資訊系統,1,SAP,[2.3011320e-14 5.5078715e-12 1.4475835e-08 6.0645010e-11 1.0000000e+00]
5117,"Windows,無法開啟,程式,軟體,限制,阻止",,3,網路,0,Outlook與郵件,[8.2881429e-38 2.2437994e-22 1.8681272e-20 1.0000000e+00 2.4479121e-33]
279,"APP71,已經,簽核,電腦,繳交,宜芳,兩天過,報廢,資產,還掛,名下,流程,是否,還欠,步驟",,2,其他,4,資訊系統,[1.1423211e-05 1.9928589e-07 9.9841487e-01 2.8743694e-04 1.2859781e-03]
8731,"用電,腦在,QSMC,無法登入,OCS,email,正常,接收",,3,網路,2,其他,[3.5947846e-06 3.9086221e-03 5.9482851e-04 9.9338114e-01 2.1117732e-03]
3982,"部門,簽核流程,還停,一個,部門,主管",,2,其他,4,資訊系統,[1.6401865e-19 5.4174308e-21 1.0000000e+00 3.8718320e-14 3.9505874e-13]
3347,"連上,公司網路,右下,符號,黃色,驚嘆號,網路,頁面,顯示,需要,註冊,網路,網際網路,服務,提供,ISP",,4,資訊系統,3,網路,[7.8999254e-36 1.1071125e-26 6.6535460e-21 1.7181472e-26 1.0000000e+00]
9175,"PLM,系統,建立,專案,資料,請假,系統,找不到,專案,資訊",,3,網路,4,資訊系統,[7.6939351e-11 5.4126366e-07 1.0639459e-05 9.9998879e-01 3.2192377e-10]
7860,"申請,帳號,似乎,告知,密碼,無法登入",,3,網路,1,SAP,[1.0343666e-25 1.7858508e-15 7.3643247e-14 1.0000000e+00 6.7868657e-23]
7907,"網路,很慢,有線,無線,斷掉",,2,其他,3,網路,[0.00245621 0.00209088 0.5009461  0.00954577 0.48496106]
6988,"OUTLOOK,顯示,執行,電子郵件,應用程式,支援,限制,權限,郵件,Microsoft,Office,2003,更新版,下載,用於,Internet,Explorer,版權,管理,附加,檢視,郵件",,2,其他,0,Outlook與郵件,"[5.82260033e-03 1.08763576e-04 6.17024779e-01 8.50770064e-03
 3.68536204e-01]"
1477,"資料,轉至,SAP,問題,諮詢",,1,SAP,4,資訊系統,[0.0000000e+00 1.0000000e+00 1.0361548e-19 1.0804318e-25 3.6247217e-29]
2984,"網路不通,PG14,A134",,2,其他,3,網路,[6.3523823e-25 5.8687178e-26 1.0000000e+00 2.3375520e-18 9.5431900e-17]
8728,"ocs,無法使用,方式",,4,資訊系統,2,其他,[1.6653119e-04 3.0277748e-02 1.6711323e-02 4.5589702e-03 9.4828546e-01]
6621,"網孔,編號,PH12,C156",,0,Outlook與郵件,3,網路,"[9.98959780e-01 1.04581686e-08 1.02434633e-03 1.58930348e-07
 1.57324630e-05]"
4659,"奢訂,資料檔,無法,存入,資料檔,資料檔,無法,打開",,1,SAP,0,Outlook與郵件,[3.1377823e-23 1.0000000e+00 2.8423053e-10 3.5299473e-13 8.3624912e-15]
5625,"flash,無法更新",,0,Outlook與郵件,2,其他,[9.7472680e-01 1.9538644e-05 2.3119459e-02 1.8713350e-04 1.9471282e-03]
9171,"Mail,收不到,發送",,3,網路,0,Outlook與郵件,[0.01251386 0.04299609 0.3288727  0.5993851  0.01623228]
7177,"網路不通,網孔,編號,PK04,B220",,2,其他,3,網路,[1.4106518e-29 1.4124549e-30 1.0000000e+00 3.1521820e-21 4.5179504e-19]
4233,"PST,檔案,搬到,本機,資料夾,雲端,打開,PST,出現錯誤,訊息",,2,其他,0,Outlook與郵件,[2.1006194e-17 3.6165238e-18 1.0000000e+00 1.5672332e-12 1.4937775e-11]
9464,"Office,安裝,開啟,提示,設定檔,錯誤",,0,Outlook與郵件,2,其他,[1.0000000e+00 4.3573112e-30 1.1877401e-11 3.4547205e-24 1.8137646e-17]
8791,"需要,一組,FIX,ID,日本客,連線",,4,資訊系統,3,網路,"[1.25215714e-17 3.09142496e-14 2.40235221e-10 5.54979728e-13
 1.00000000e+00]"
6407,"重灌,完成,安裝,授權,軟體,請問,公司,是否,Common,Tool,File,Server,下載",,0,Outlook與郵件,2,其他,[9.9709249e-01 2.6852656e-09 2.8802312e-03 5.4416654e-07 2.6708793e-05]
2398,"QITS,系統,NB3RD1,HK8,HK9,create,無法,選擇,Found,Stage,已經,subitem,做過,neo,設定",,2,其他,4,資訊系統,[0.0192055  0.01459541 0.5695418  0.06536263 0.33129472]
7654,"使用,wifi,chorm,跳出,輸入,帳密,視窗,IE,則是,接報,無法連線",,2,其他,3,網路,[2.1654472e-11 4.9304293e-12 9.9999988e-01 2.9629151e-08 8.3683602e-08]
44,"電腦,重灌,無法登入,QEx,學習,互動,平臺",,2,其他,4,資訊系統,[3.8320260e-07 2.4782285e-08 9.9870491e-01 4.0303206e-05 1.2543186e-03]
3437,"收到,廣告信,MIS,擋掉,信件",,1,SAP,0,Outlook與郵件,[0.00256091 0.9076544  0.06834752 0.01519664 0.00624062]
4594,"PLM,無法安裝,調整,瀏覽器,參數,無法安裝",,2,其他,4,資訊系統,[2.5712243e-05 1.5707800e-06 9.9805933e-01 1.2321419e-03 6.8127376e-04]
3645,"BIOS,工作,需要,連到,AMI,SVN,server,svnbios,ami,com,tw,IP,220.130,11.235,port,443,Protocol,HTTPS,但會,連線失敗,PS,公司,網路,正常,連到,server",,0,Outlook與郵件,3,網路,[0.765872   0.00211818 0.07820547 0.00773759 0.14606683]
9618,"QSMC,出差,無法,正常,收發,郵件",,1,SAP,0,Outlook與郵件,[2.1164359e-09 9.9975342e-01 2.1910359e-04 2.2884613e-05 4.6551518e-06]
9734,"特定,廠商,寄出,email,時會,收不到,目前,出差,請用,email",,2,其他,0,Outlook與郵件,[2.4495041e-06 1.2655920e-07 9.9867648e-01 4.2468868e-04 8.9625036e-04]
4573,"南棟,二樓,NB6,網務,孔號,P118,D186",,2,其他,3,網路,[1.9003464e-11 3.3747077e-14 9.9999964e-01 1.4628564e-07 2.1112960e-07]
2201,"Question,時常,收不到,廠商,寄來,Question,收信,速度很慢",,3,網路,0,Outlook與郵件,[7.7550320e-11 7.7960772e-07 8.2969746e-05 9.9991620e-01 2.1774722e-10]
1428,"目前,QCMC,出差,使用,CAMP,發送,料號,出現,無法連線,錯誤,畫面,myQuanta,正常,顯示",,3,網路,4,資訊系統,[0.00473474 0.02922875 0.05744275 0.90502363 0.00357017]
3253,"must,log,on,the,same,qciclient,24,logoin,22",,2,其他,1,SAP,[4.5639910e-09 6.4455680e-10 9.9997926e-01 3.5402770e-06 1.7117842e-05]
8143,"Remove,account,on,PC,AP",,3,網路,2,其他,[2.7807224e-05 2.0596364e-03 2.2736711e-02 9.7508585e-01 8.9943889e-05]
1886,"網路,7286,網路不通",,2,其他,3,網路,[3.2312297e-09 8.8875185e-10 9.9999487e-01 3.3759286e-06 1.7492854e-06]
6058,"MEETING,ROOM,407,訪客,連不上",,1,SAP,3,網路,[0.01412416 0.89978886 0.06992432 0.00875751 0.00740511]
3441,"退單,作業,單號,APP36",,0,Outlook與郵件,4,資訊系統,[6.7265439e-01 1.4913008e-05 3.2646671e-01 2.6891063e-04 5.9505360e-04]
1449,"客戶,使用,公司,Server,測試,使用到,網路,相關,資訊",,0,Outlook與郵件,2,其他,[1.0000000e+00 0.0000000e+00 8.7747864e-23 0.0000000e+00 1.1552536e-33]
6827,"客人,訪客,密碼,無法使用",,2,其他,3,網路,[0.02280557 0.0170315  0.66971207 0.13020667 0.16024415]
4516,"出現,線道,active,directory,rights,management,services,伺服器,發生錯誤,導致,信件,無法開啟",,1,SAP,4,資訊系統,[7.2812202e-07 9.3590969e-01 5.2798344e-03 5.8806408e-02 3.3710019e-06]
9272,"Outlook,cannot,open",,3,網路,0,Outlook與郵件,[2.4767590e-32 4.0464936e-21 3.8824937e-19 1.0000000e+00 3.0464687e-30]
2360,"客戶,網站,進不去,動到,設定,IE,出現,一堆,其怪,網頁,Chrom",,0,Outlook與郵件,2,其他,[9.9999833e-01 1.0518611e-17 1.6290734e-06 5.9415370e-14 1.3634126e-10]
1216,"BPM,價格,簽核系統,無法使用,系統,出現,BPM,Portal,應用程式,發生,伺服器錯誤,伺服器,法要,999",,3,網路,4,資訊系統,[0.0000000e+00 1.0135740e-27 1.0076298e-26 1.0000000e+00 0.0000000e+00]
6731,"outlook,顯示,信箱,狀況,請問,一下,創新,資料夾,繼續,下載,目前,資料夾,半年,檔案,很大,收信,outlook,反應,遲鈍,無法,下載,回應",,2,其他,0,Outlook與郵件,[2.4161318e-15 5.1729440e-19 1.0000000e+00 8.2768108e-13 9.5601263e-11]
3266,"Web,版及,Agile,無法,download,drawing,不開,無法顯示",,0,Outlook與郵件,2,其他,[9.4690555e-01 9.2231278e-07 5.2866708e-02 3.3812059e-05 1.9302433e-04]
1132,"登入,QSMC,網域,無法登入",,0,Outlook與郵件,3,網路,[0.8447787  0.05072147 0.08247264 0.00808538 0.01394188]
1540,"是否,MIS,暫借,Lenovo,tnkPad,充電器,使用",,2,其他,4,資訊系統,[5.9954727e-05 8.1116959e-05 9.9802607e-01 8.6671888e-04 9.6606615e-04]
4800,"Today,recieve,mail,about,管理,資訊,公告,Windows,強制,通知,Right,now,am,in,USA,What,should,do,for,ts,How,could,know,my,computer,already,程式,or,not",,3,網路,2,其他,[1.8961030e-07 4.6725097e-05 6.3987453e-03 9.9354881e-01 5.5099194e-06]
4511,"表示,無法,寄給,廠商,對方,無法,寄給",,2,其他,0,Outlook與郵件,[0.0000000e+00 0.0000000e+00 1.0000000e+00 5.6086486e-34 2.6097222e-30]
7822,"XP,升級成,SP3,無法連線",,0,Outlook與郵件,3,網路,[9.6094489e-01 5.9895032e-05 2.8689554e-02 2.2859436e-04 1.0077052e-02]
6259,"In,印度,team,收到,廣達,信有,時後,定為,psng,mail,移除,信件,裡面,貼圖,夾帶,檔案,每一次,找不出,會發,生子,問題,規則,一次,發生,公司,內部網路,問題,導致,更改,使用,webmail,信件,寄出,In,team,反饋,寄送,郵件,問題,回復,不知道,為題,點出,現在",,3,網路,0,Outlook與郵件,[7.3764589e-13 9.3334421e-08 6.8112442e-08 9.9999976e-01 3.6060387e-11]
2419,"密碼,已期,無法登入,需要,驗證,網路,變更,密碼",,4,資訊系統,2,其他,[1.423710e-10 6.546347e-09 1.544834e-05 6.060103e-08 9.999845e-01]
5690,"無線網路,不通",,2,其他,3,網路,[0.00941822 0.0124409  0.71500385 0.23407318 0.02906385]
926,"南棟,樓有線,網路不通",,2,其他,3,網路,[9.4657511e-11 1.1804243e-11 9.9999940e-01 4.3510434e-07 8.3213067e-08]
300,"SO,No,無法,created,Delivery,error,message,Copying,is,not,poss,because,an,entry,is,missing,in,Table,TVCPL,LV,請速,連繫",,3,網路,1,SAP,[0.00682454 0.00527571 0.11881525 0.86115444 0.00793   ]
3262,"VA01,新增,SO,出現錯誤",,0,Outlook與郵件,1,SAP,[0.8755501  0.00092266 0.09892702 0.00489352 0.01970667]
1265,"訪客,帳號,無法使用,查尋",,2,其他,3,網路,[2.3856992e-06 1.2570985e-06 9.9885523e-01 1.2154008e-04 1.0194799e-03]
9647,"server,裡的,防毒,疑似,問題,可否",,0,Outlook與郵件,2,其他,[9.9068695e-01 1.2049719e-06 6.8953573e-03 7.7123977e-06 2.4087743e-03]
1797,"通訊錄,申請,一個,組織",,1,SAP,0,Outlook與郵件,[0.00227891 0.8557084  0.11636841 0.01685293 0.00879138]
2297,"無法使用,無線網路,有線網路,正常,使用",,2,其他,3,網路,[0.07194719 0.10634729 0.3477417  0.13961703 0.33434677]
1269,"無法連上,無線網路,Staff,電腦,無法,有線,如請",,2,其他,3,網路,[0.0260995  0.01151704 0.6679803  0.07616751 0.21823557]
649,"印表機,編號,QACC,刪除,資料",,2,其他,1,SAP,[0.06482773 0.24942498 0.30737102 0.288797   0.08957928]
9261,"寄給,廠商,郵件,退件",,2,其他,0,Outlook與郵件,[1.5582355e-05 7.2058779e-06 9.9920768e-01 4.6115153e-04 3.0852933e-04]
3252,"任用,建議表,GWF039,單號,APP56,按下,簽核,同意,按鈕,遇到,伺服器錯誤,狀態,500",,2,其他,4,資訊系統,[1.2138220e-04 1.0553086e-05 9.8080689e-01 1.8225538e-02 8.3564752e-04]
4238,"移到,port,無法上網",,2,其他,3,網路,[0.00649223 0.00776098 0.9291938  0.02887708 0.02767601]
8547,"南棟,部門,辦公室,SAP,印表機無法列印",,2,其他,1,SAP,[2.1397365e-12 4.7261535e-12 1.0000000e+00 5.5362652e-09 1.2015731e-08]
283,"申請,內部,行文,單子,突然,不見了",,2,其他,4,資訊系統,[0.03712713 0.06886747 0.71567124 0.09895131 0.07938284]
6805,"OFFICE,SCAN,顯示,金探號,無法更新,掃描",,0,Outlook與郵件,2,其他,[9.9947256e-01 2.6796170e-09 5.0326821e-04 2.7127722e-08 2.4131430e-05]
6121,"soso,搜尋,綁架,內部,網站,問題",,3,網路,2,其他,[2.0280991e-08 3.6829690e-05 1.1823054e-04 9.9984479e-01 1.4932382e-07]
2069,"無法,刪除,寄送,mail,出現,含有,資料檔,磁碟機,空間,不足,清空,刪除,郵件,訊息",,1,SAP,0,Outlook與郵件,[4.9652272e-08 9.9922442e-01 6.9395703e-04 6.8439651e-05 1.3226221e-05]
9924,"電腦,無法,複製,貼上,重開,依然,同樣,情形",,3,網路,2,其他,[5.8460650e-05 3.1513423e-03 6.3306810e-03 9.9029845e-01 1.6102697e-04]
3684,"password,update,fails,for,wired,and,wireless",,2,其他,3,網路,[1.9461757e-09 3.2338413e-10 9.9989724e-01 9.3886405e-07 1.0176754e-04]
1389,"本機,Outlook,出現,軟體,限制,無法開啟",,2,其他,0,Outlook與郵件,[3.9950025e-01 6.5550179e-05 5.9173030e-01 6.9450247e-03 1.7588632e-03]
732,"3rd,party,有給,mail,不知道,當我,mail,退回來,不知道,問題,一下",,2,其他,0,Outlook與郵件,[7.2418828e-05 1.3819943e-08 9.9989474e-01 9.1783268e-06 2.3553928e-05]
324,"logon,fail",,4,資訊系統,1,SAP,[2.6490188e-09 1.8737678e-07 1.9873793e-05 5.4525304e-07 9.9997938e-01]
2314,"電腦網路,無線,有線,沒辦法,連上,內外網",,4,資訊系統,3,網路,"[3.29176022e-04 1.16540445e-02 1.12062274e-02 1.52379239e-03
 9.75286722e-01]"
9513,"Some,of,the,Code,that,can,be,use,but,these,code,can,be,used,before,changing,tolayer,login",,4,資訊系統,1,SAP,[8.5934218e-05 7.9349987e-03 3.6073148e-02 6.8590599e-03 9.4904685e-01]
8590,"詢問,公司,WinRAR,安裝",,1,SAP,2,其他,[0.00121926 0.88138324 0.05389722 0.05243672 0.01106372]
8082,"myquanta,網頁,綁架,無法顯示,正常,myquanta,網頁",,0,Outlook與郵件,3,網路,[9.9999809e-01 7.1033665e-16 1.9543638e-06 3.0564302e-13 1.8332035e-09]
6062,"工作,帳號,移除,AP",,3,網路,2,其他,[8.8925080e-19 1.6830877e-11 2.5125632e-10 1.0000000e+00 9.5606435e-17]
4237,"無線,有限,網路,無法使用",,1,SAP,3,網路,[5.7756661e-06 9.9181050e-01 5.7530208e-03 1.1702649e-03 1.2605402e-03]
5988,"CSPA,原來,23,33,問題,詢問",,2,其他,1,SAP,[8.7844237e-04 6.7654956e-04 9.5747000e-01 8.2265427e-03 3.2748397e-02]
8170,"預約,186,會議室,15,00,17,00,面談,人員,預約,取消,需將,預約,狀態,修正",,2,其他,4,資訊系統,[1.4533065e-08 5.4078906e-09 9.9998224e-01 5.7778257e-06 1.2040290e-05]
1684,"Camp,IE,無法登入,查詢,帳號密碼",,1,SAP,2,其他,[2.9604768e-04 6.4023077e-01 3.4772187e-01 8.1062438e-03 3.6451092e-03]
5939,"目前,公司,電腦,資產編號,使用,staff,無線網路,使用,USB,網路卡,無法,有線網路,使用,無線網路,無法連到,公司,server,10.242,118.180",,0,Outlook與郵件,3,網路,[1.0000000e+00 6.3374901e-27 1.6443162e-10 5.1811915e-22 1.3548722e-15]
949,"電腦,自動,從三點,無法進入,WINDOWS,桌面",,3,網路,2,其他,"[7.78040743e-09 2.78666575e-05 1.05108906e-04 9.99866843e-01
 7.81658542e-08]"
719,"cant,open,outloook",,3,網路,0,Outlook與郵件,[0.0000000e+00 1.7647282e-23 1.1575634e-21 1.0000000e+00 1.2780902e-34]
6765,"網孔,PV06,B486",,1,SAP,3,網路,[6.8502465e-12 9.9998581e-01 1.3863930e-05 3.1161073e-07 3.8282067e-08]
168,"出現,安全性,憑證,問題,無法使用,OUTLOOK",,1,SAP,0,Outlook與郵件,[0.24762367 0.3412175  0.2050618  0.04507852 0.16101852]
8128,"公司,裡的,組織,變動,附件,裡有,增加,28,部門,代碼,24,QCI,QCMC,日期,標記,2018,11,匯入",,2,其他,4,資訊系統,[5.3067297e-02 5.5282962e-06 9.3942922e-01 5.2080010e-03 2.2899362e-03]
3809,"交通車,無法,申請,同事,正常,申請",,2,其他,4,資訊系統,[9.9382180e-10 4.0407719e-10 9.9999845e-01 9.2691073e-07 6.3666590e-07]
5542,"南棟,警衛,無法使用",,2,其他,4,資訊系統,[0.01580539 0.01654384 0.7825193  0.13002054 0.05511104]
7641,"網路,孔不通,網孔,代號,PR18,A402",,1,SAP,3,網路,[1.7728801e-22 1.0000000e+00 5.0824045e-10 4.0299505e-13 1.8213038e-14]
2618,"雲端,Database,Error,Occurred",,4,資訊系統,3,網路,[4.1826937e-05 9.2136237e-04 6.5249912e-03 7.8363431e-04 9.9172819e-01]
4730,"大廳,會議室,系統,幾天,異常,01,05,server,切換,相同,問題",,2,其他,4,資訊系統,[3.8927223e-04 6.9243651e-09 9.9958426e-01 1.9965008e-05 6.4239416e-06]
9337,"填寫,訪客網路,需求,出現,異常,無法,申請,協住",,1,SAP,3,網路,[1.1108086e-05 9.9405694e-01 4.6489956e-03 1.1740257e-03 1.0886180e-04]
8535,"連到,server,10.17,147.21,資料,顯示,權限",,0,Outlook與郵件,3,網路,[0.41994482 0.02328668 0.1367304  0.006938   0.4131001 ]
3709,"區域網路,接孔,無法使用",,1,SAP,3,網路,[0.00169121 0.8597446  0.0612404  0.03705465 0.04026921]
8113,"當要,進入,預約,會議室,頁面,時發,生下,訊息,GAMS,應用程式,發生,伺服器錯誤,並未將,物件,參考,設定為,物件,執行,個體,描述,執行,目前,Web,要求,過程,發生,例外,情形,檢閱,堆疊,追蹤,取得,錯誤,詳細,資訊,程式碼,產生,位置,例外,詳細,資訊,System,NullReferenceException,並未將,物件,參考,設定為,物件,執行,個體,原始,程式,錯誤,598,arrSign,ArrayList,Session,arrSign,599,600,if,arrSign,ts,ddlConferenceRoom,SelectedIndex,ToString,601,602,ts,lblSignNotice,Visible,true,原始,程式,inetpub,wwwroot,GAMS,Program,GAMS,CR,GAMS,CR,SelectOneFreeTime,aspx,cs,600,堆疊,追蹤,NullReferenceException,並未將,物件,參考,設定為,物件,執行,個體,GAMS,CR,Program,GAMS,CR,GAMS,CR,SelectOneFreeTime,lblCheckSign,in,inetpub,wwwroot,GAMS,Program,GAMS,CR,GAMS,CR,SelectOneFreeTime,aspx,cs,600,GAMS,CR,Program,GAMS,CR,GAMS,CR,SelectOneFreeTime,ddlConferenceRoom,SelectedIndexChanged,Object,sender,EventArgs,in,inetpub,wwwroot,GAMS,Program,GAMS,CR,GAMS,CR,SelectOneFreeTime,aspx,cs,587,System,Web,UI,WebControls,ListControl,OnSelectedIndexChanged,EventArgs,107,System,Web,UI,WebControls,DropDownList,RaisePostDataChangedEvent,134,System,Web,UI,WebControls,DropDownList,System,Web,UI,IPostBackDataHandler,RaisePostDataChangedEvent,10,System,Web,UI,Page,RaiseChangedEvents,165,System,Web,UI,Page,ProcessRequestMain,Boolean,includeStagesBeforeAsyncPoint,Boolean,includeStagesAfterAsyncPoint,3135,版本,資訊,Microsoft,NET,Framework,版本,2.0,ASP,NET,版本,2.0,6427",,2,其他,4,資訊系統,[4.9138269e-08 1.9001756e-10 9.9927062e-01 1.0766948e-06 7.2833098e-04]
6098,"安裝,WIN,10,會變,WIN",,1,SAP,2,其他,[2.7899214e-11 9.9995327e-01 4.4898527e-05 1.6868810e-06 9.9550419e-08]
8476,"裝完,安全性,開機,成功,登錄,廣達,網域,無法上網,無法上網",,2,其他,3,網路,[2.9234509e-03 5.3937611e-04 9.6135998e-01 3.0644502e-02 4.5326944e-03]
6265,"使用,無線網路,時需,輸入密碼",,4,資訊系統,3,網路,[8.4191089e-07 2.3104290e-05 5.5867195e-04 7.8017525e-05 9.9933940e-01]
7580,"申請,oulook,機端,發信",,2,其他,0,Outlook與郵件,[1.7516547e-09 1.1690033e-09 9.9999762e-01 1.1145047e-06 1.3171986e-06]
9664,"斷出,現需,輸入,帳號密碼,無法收發",,2,其他,0,Outlook與郵件,[0.04948054 0.08417483 0.4424874  0.07046887 0.35338837]
4988,"網路不通,出差,返國,部門,換座",,2,其他,3,網路,[8.7900004e-37 0.0000000e+00 1.0000000e+00 2.5028557e-27 2.1740245e-24]
4423,"開機,出現,NDIS,檔案,遺失",,0,Outlook與郵件,2,其他,[0.72140336 0.00750171 0.13718133 0.08965953 0.04425411]
8802,"14,45,使用,Pro,情況,突然,license,取得",,2,其他,4,資訊系統,[9.7125873e-14 1.6935402e-15 1.0000000e+00 2.8462341e-09 7.7234796e-09]
1510,"使用,IE,chrome,出現,無法連線,狀況,網路,名稱,解析,正常,是連,公司,內部,部門,網頁,時好時壞",,0,Outlook與郵件,2,其他,[0.7525159  0.05462889 0.15474549 0.02156284 0.01654686]
18,"工作,帶回,無法使用,SSLVPN,連到,公司,內網",,2,其他,3,網路,[0.02963505 0.36538205 0.44883823 0.07635885 0.07978582]
6323,"VPN,公司,影片,問題",,1,SAP,3,網路,[7.7446665e-23 1.0000000e+00 3.3877562e-10 3.5267774e-13 2.0924929e-14]
3376,"mis,設定,印表機,印表機,顯示,無法,列印",,0,Outlook與郵件,2,其他,[9.9442494e-01 4.7034666e-07 5.2503832e-03 1.8452729e-05 3.0569072e-04]
3293,"開機,密碼,26,電腦,公司,雲端,環境,無法修改,密碼,28,修改密碼",,3,網路,2,其他,[1.7098885e-06 4.2069718e-04 1.7167728e-01 8.2789451e-01 5.8368505e-06]
4972,"詢問,申請,對外,mail,group",,2,其他,0,Outlook與郵件,[0.05664017 0.18330945 0.5475957  0.12046908 0.09198555]
4862,"網路,穩定,時會,斷線,有時,很慢",,2,其他,3,網路,[1.6233835e-22 2.9479211e-23 1.0000000e+00 1.6769735e-15 1.8600620e-14]
747,"開通,連到,網站,瀏覽,權限",,2,其他,3,網路,[4.2128123e-02 1.7044043e-05 9.5690948e-01 3.7132323e-04 5.7409797e-04]
3174,"請問,BPM,系統,記憶,我之前,寫入,資料",,2,其他,4,資訊系統,[8.4661228e-14 2.9630502e-16 1.0000000e+00 3.1730514e-11 2.3985108e-10]
7824,"OFFICE,軟體,無法,插入,外部,物件,已重,安裝,過也,失敗,PDF,物件",,0,Outlook與郵件,2,其他,[0.6709394  0.0018135  0.28243893 0.00966077 0.03514747]
4425,"outlook,新設,pst,檔案,發現,全部,硬碟,失去,權限,回事",,1,SAP,2,其他,[2.2087820e-04 9.9976355e-01 1.5623069e-05 8.5078833e-11 4.4905284e-11]
1247,"無線,有線網路,不通",,4,資訊系統,3,網路,[3.1093728e-05 4.8674661e-05 1.6079514e-03 1.0807631e-04 9.9820423e-01]
1165,"無法連上,BPM,mail,server,公司,內部,網站",,0,Outlook與郵件,3,網路,[9.5261610e-01 3.8187711e-05 4.3046463e-02 1.4705695e-03 2.8287047e-03]
3374,"系統,管理,進入,出差申請單,卡在,loading,畫面",,2,其他,4,資訊系統,[3.6688563e-03 5.5051030e-04 9.1141170e-01 7.0353791e-02 1.4015165e-02]
4094,"反映,電腦,當機,出現,藍屏",,0,Outlook與郵件,2,其他,[9.7693616e-01 1.6397800e-05 2.1310547e-02 2.2300125e-04 1.5138226e-03]
6546,"表示,電腦,無線,抓不到,ip,昨晚",,2,其他,3,網路,[4.0477243e-11 1.6639207e-13 9.9999762e-01 2.2067786e-06 6.3460277e-08]
2387,"重灌,電腦,借不到,pro,license,CREO",,3,網路,2,其他,[1.0214985e-08 1.0473571e-05 8.6544285e-05 9.9990296e-01 2.5476783e-08]
2409,"凌晨,收到,一封,信件,查看,是否,信箱,有異,情況,發生",,3,網路,0,Outlook與郵件,[1.4279914e-32 2.4778030e-21 3.4573658e-19 1.0000000e+00 1.5997886e-30]
4616,"無線網路,AP,QRI,症狀,AP,訊號,強度,良好,連上,很難,取得,IP,需等待,相當,時間,timeout,正常,連網,目前,暫時,解決,方式,接上,網路線,開啟,WLAN,等待數,分鐘,至十,幾分鐘,WLAN,登入,拔除,網路線,LAN,WLAN,入時,卡住,今早,測試,Staff,AP,相同,情形,問題",,0,Outlook與郵件,3,網路,[9.9997544e-01 5.7724073e-13 2.3694211e-05 4.1196668e-10 8.0641752e-07]
3148,"無法連線,主機,10.242,116.115",,1,SAP,3,網路,[1.4485655e-13 9.9999595e-01 2.6222749e-06 1.4238541e-06 7.5921097e-10]
2828,"法開,網頁,連線,正常",,0,Outlook與郵件,3,網路,"[9.99990225e-01 1.51905683e-13 9.79518882e-06 1.11674715e-11
 1.91513720e-08]"
7161,"office,出現,金鑰,訊息",,4,資訊系統,2,其他,[0.28402862 0.03093166 0.18859202 0.02655742 0.46989033]
5181,"郵件,看完,刪除,自動,消失,web",,1,SAP,0,Outlook與郵件,[2.1437907e-10 9.9990070e-01 9.0772963e-05 8.1040498e-06 3.6575065e-07]
9897,"ZMMI,建立,model,建立完,找不到,model",,2,其他,1,SAP,[1.0605358e-08 4.1234873e-09 9.9999011e-01 2.1845578e-06 7.7661207e-06]
542,"安裝,OCS,防毒軟體",,3,網路,2,其他,[0.00273447 0.02580476 0.05497448 0.9114159  0.0050704 ]
8456,"網孔,編號,PG08,D128",,1,SAP,3,網路,[1.6331786e-08 9.9935585e-01 5.8344711e-04 5.2752519e-05 7.9393531e-06]
9794,"部門,產品,利用,固定,IP,遠端,監控,測試,部門,伺服器,尚未,對外,連結,利用,伺服器,申請,固定,IP,遠端,測試",,0,Outlook與郵件,3,網路,[0.89602    0.00095811 0.08837656 0.0078856  0.00675968]
858,"Project,WS1,Project,leader,Andy,Chen,Driver,Bruce,Lin,Young,Kuo,上述,member,應收,type,Driver,notice,mail,收到,type,BIOS,notice,mail,notice,mail,comment,系統,自動,發給,參與人,通知,操作,status,上述人,收信,系統,自動,發出,通知",,2,其他,4,資訊系統,[2.951520e-07 8.769718e-09 9.992248e-01 7.688315e-04 6.082610e-06]
9675,"IE,無法開啟,myquanta,首頁,The,following,error,was,encountered,wle,trying,to,retrieve,the,URL,Connection,to,221.204,244.41,failed,系統,回應,下列,錯誤訊息,110,Connection,timed,out,The,remote,host,or,network,may,be,down,Please,try,the,request,again,Your,cache,administrator,is,root",,2,其他,3,網路,[2.8463485e-04 2.0351285e-06 9.9284488e-01 1.5296676e-03 5.3388434e-03]
4163,"打開,電腦,發現,電腦,內有,許多,檔案,改名,ex,README,_.,hta,adTfZ4tkYd.9239,etc,認得,亂碼,檔案,一個,outlook,pst,改名,字後可以,使用,目前,使用,公司,Trend,Micro,進行,掃瞄,看能,東西,上網,一下,下麵,問題,不知道",,0,Outlook與郵件,2,其他,[9.9487573e-01 2.1771096e-07 3.0519280e-03 6.7711499e-06 2.0654004e-03]
7165,"Network,can,be,used",,2,其他,3,網路,[4.1945001e-05 3.4499757e-05 9.9717146e-01 1.3997323e-03 1.3524551e-03]
2045,"密碼,出現,驗證,視窗",,0,Outlook與郵件,3,網路,[0.273432   0.18678315 0.22459035 0.2158803  0.09931429]
1866,"網路不通,網孔,A242",,2,其他,3,網路,[4.5694374e-15 8.3127745e-16 1.0000000e+00 1.3086347e-10 1.8607718e-10]
6392,"安裝,windows,時有,問題",,3,網路,2,其他,"[6.84914873e-25 1.18042105e-14 1.00068025e-13 1.00000000e+00
 5.35580463e-22]"
10097,"接上,座位,網路,Internet,有通,接到,同事,位子,上面,以通",,4,資訊系統,2,其他,[1.5355681e-06 1.7856231e-05 3.7629553e-04 9.6283065e-06 9.9959475e-01]
8411,"檔案,複製,出現,權限,驗證,資訊,導致,無法,下載,資料",,0,Outlook與郵件,2,其他,[9.0337700e-01 8.3963647e-02 1.2586008e-02 1.6119422e-05 5.7302270e-05]
1867,"網路無法連線,網孔,編號,D196",,1,SAP,3,網路,[0.00815497 0.729786   0.14073852 0.06480899 0.05651154]
2417,"Windows7,出現,天可以,啟用,訊息",,1,SAP,2,其他,[3.7668940e-08 9.9911445e-01 7.7799422e-04 8.4721301e-05 2.2908624e-05]
8138,"出現,錯誤,視窗,顯示,無法,升級,OfficeScan,用戶端,安裝,套件,OfficeScan,Server,建立,伺服器,並理,安裝,這部,電腦,用戶端,OfficeScan,管理員,報告,問題,執行,qrdcofc09,ofcscan,IpXfer,x64,捷徑,but,shows,needs,and,parameters",,0,Outlook與郵件,2,其他,[9.8853636e-01 1.4190754e-05 1.0952733e-02 9.5886258e-05 4.0086359e-04]
5632,"已經,申打,權限,出差,無法,撥打,短號",,0,Outlook與郵件,2,其他,[9.9999952e-01 1.5889116e-17 4.5655074e-07 7.5522847e-15 1.2608174e-10]
654,"Project,2010,無法安裝,顯示,系統,毀損",,3,網路,2,其他,[5.7020868e-17 3.0660982e-10 2.0359323e-09 1.0000000e+00 8.6030333e-15]
5222,"刪除,印表機,剩餘,job",,3,網路,2,其他,[0.00328152 0.03455709 0.09631437 0.8610147  0.0048323 ]
4953,"公司,是否,提供,無蝦米,輸入法,安裝",,3,網路,2,其他,[0.00277494 0.02215121 0.15656404 0.81538814 0.0031216 ]
6821,"接上,電源,不斷,跳到,登入畫面",,3,網路,2,其他,[4.2239467e-06 8.5175707e-05 2.2894156e-04 9.9967587e-01 5.8234796e-06]
1147,"QSMC,出差,QSMC,OCS,無法,撥打",,1,SAP,2,其他,[9.0783949e-15 9.9999905e-01 9.7898635e-07 2.0999058e-08 5.3133955e-09]
3940,"表單,查詢,物品,申請單,歷史,紀錄,點開,其內,顯示,MIS,造成,無法,查看,內容",,0,Outlook與郵件,4,資訊系統,[9.8982567e-01 2.4280904e-05 7.6246872e-03 1.2707957e-05 2.5125716e-03]
9689,"電腦,安裝,Java,無法連線",,2,其他,3,網路,[1.3870050e-06 1.1115771e-06 9.9970007e-01 1.5484660e-04 1.4261001e-04]
4328,"RMS,無法,login",,4,資訊系統,3,網路,[5.1603324e-06 8.3868254e-05 1.1628496e-03 1.5326547e-04 9.9859482e-01]
4308,"密碼,遺失,新人尚,此為,同事",,0,Outlook與郵件,2,其他,[0.72025734 0.0094619  0.17642371 0.02662312 0.06723388]
1017,"南棟,ES,網路不通,驗證",,2,其他,3,網路,[2.9019757e-22 2.9583527e-23 1.0000000e+00 1.0224420e-15 3.2503754e-14]
8362,"上傳,資料,公司,內部,FTP,出現,無法,Windows,檔案,總管,檢視,FTP",,3,網路,2,其他,[0.03304836 0.04246127 0.14901462 0.7570053  0.01847047]
2125,"office,出現,掃描,可疑,病毒",,0,Outlook與郵件,2,其他,[9.6809644e-01 6.9046328e-03 2.2381606e-02 1.6217802e-04 2.4551982e-03]
4006,"雲端,改為,本機,原本,雲端,預設,收信,pst,檔案,無法,本機,開啟,收到,郵件,不久,郵件,消失,找不到",,2,其他,0,Outlook與郵件,[0.0000000e+00 0.0000000e+00 1.0000000e+00 4.3439486e-31 1.1402527e-27]
8832,"無法,遠端,使用,OpenVPN,連回,辦公室,電腦,AN",,1,SAP,3,網路,[0.00287005 0.5951826  0.30802268 0.08609127 0.00783343]
8500,"寄信,供應商,收到,供應商,無法,回信,擋掉",,1,SAP,0,Outlook與郵件,[8.8906242e-13 9.9999106e-01 8.7510080e-06 1.4246001e-07 1.6975996e-08]
290,"帳號,本來,使用,但現,確不行",,4,資訊系統,1,SAP,[6.302483e-06 3.810852e-04 1.669960e-03 2.550023e-04 9.976877e-01]
7045,"return,delivery,問題",,2,其他,1,SAP,[0.0080495  0.01011818 0.9016669  0.05230684 0.02785864]
8702,"Android,收發,mail,lync,登入,詢問",,1,SAP,2,其他,[1.6800605e-04 9.8145044e-01 1.5955463e-02 1.6376001e-03 7.8850548e-04]
4785,"無法傳送,mail,田納西",,4,資訊系統,3,網路,[2.1799025e-05 1.5790755e-04 4.7451169e-03 5.3706486e-04 9.9453813e-01]
9890,"QSMC,返台,無法連線,無線網路",,1,SAP,3,網路,[6.0285057e-04 9.1491652e-01 4.4398226e-02 2.2331679e-02 1.7750774e-02]
8192,"下午,突然,無法連線,FTP02,出現,權限,不足,訊息",,0,Outlook與郵件,2,其他,[9.2807794e-01 4.4316374e-04 5.6632355e-02 1.1111717e-03 1.3735324e-02]
8158,"無線網路,慢到,BU9,北棟,3F,會議室,N327",,0,Outlook與郵件,3,網路,[9.6941280e-01 3.1312411e-05 2.7729623e-02 3.2393020e-04 2.5024069e-03]
7148,"can,not,logon,OLD,168,system,she,can,logon,to,New,168,but,OLD,168,doesn",,3,網路,1,SAP,[0.0000000e+00 3.1369085e-23 4.9541008e-23 1.0000000e+00 3.7226588e-37]
6616,"指定,收信,資料夾,問題",,3,網路,0,Outlook與郵件,[0.00328155 0.02798291 0.07313032 0.89147145 0.00413372]
2385,"cannot,save,SO,Credit,limit,error",,0,Outlook與郵件,1,SAP,[9.7986931e-01 3.9239981e-06 1.9682433e-02 2.8783687e-05 4.1551588e-04]
4397,"信箱,容量,容易,清理",,1,SAP,0,Outlook與郵件,[4.3910372e-04 8.5951400e-01 3.3372790e-02 1.0415126e-01 2.5228583e-03]
2864,"需幫,客人,申請,一年,無線網路",,4,資訊系統,3,網路,[4.3774385e-04 2.5522078e-03 2.3820186e-02 6.2443311e-03 9.6694547e-01]
5386,"VPN,連線,outlook,寄信,當掉",,1,SAP,0,Outlook與郵件,[0.1059739  0.7051892  0.1420458  0.02271863 0.02407244]
4728,"SAP,系統,KEY,領料,無法,列印,文件,列印",,1,SAP,2,其他,[1.4977504e-15 9.9999928e-01 7.1815219e-07 9.5472634e-09 6.8640753e-11]
6406,"MRO,收料,系統,錯誤",,1,SAP,4,資訊系統,[6.2437702e-24 1.0000000e+00 1.2846582e-10 1.0907021e-13 6.4141385e-16]
10114,"有線,無線網路,不通",,2,其他,3,網路,[0.0443185  0.02967649 0.6343537  0.1406032  0.15104811]
9276,"使用,軟體,連至,HP,Server,系統,連到,一半,停住,連外,權限,同事,正常,連線,使用,系統",,0,Outlook與郵件,3,網路,[9.7347516e-01 2.2084545e-07 2.6393717e-02 1.7599228e-05 1.1331798e-04]
7745,"辦法,進入,BPM,系統",,0,Outlook與郵件,4,資訊系統,[9.6964449e-01 2.3190511e-05 1.2087686e-02 1.7654411e-02 5.9015094e-04]
565,"BOM,save,跑出,新料號",,0,Outlook與郵件,1,SAP,"[9.99722183e-01 3.71422948e-10 2.72213307e-04 1.26425395e-08
 5.60785475e-06]"
1707,"Win7,作業系統,登入問題",,0,Outlook與郵件,2,其他,[1.0000000e+00 5.6897340e-21 1.8032175e-08 1.1407589e-17 2.2235824e-12]
4298,"密碼過期,想重,新設",,4,資訊系統,2,其他,[0.00373864 0.00847515 0.03937391 0.00878614 0.9396261 ]
4092,"薪資單,無法開啟,出現,訊息,內容,無法,透過,目前,認證,進行,存去,使用,Microsoft,帳戶,存取,內容,當選,YES,出現,訊息,Server,Error,in,Certification,Application",,0,Outlook與郵件,4,資訊系統,[9.9973863e-01 1.4189877e-10 2.5931789e-04 1.6979090e-08 2.0069915e-06]
1618,"華亞廠,訪客,無法連上,無線網路",,2,其他,3,網路,[4.2070809e-12 9.9843289e-13 9.9999988e-01 1.6712061e-08 1.2170551e-07]
7480,"無法寄信,件給,HP,這間,廠商",,3,網路,0,Outlook與郵件,[0.00367525 0.00219633 0.29155457 0.7015008  0.00107305]
4023,"休眠,登入,出現錯誤,訊息,工作站,信任,失敗",,4,資訊系統,2,其他,[0.02506897 0.03843299 0.04135837 0.00235858 0.89278114]
5805,"網路不通,應該,密碼過期",,2,其他,3,網路,[9.2376321e-15 1.8871125e-15 1.0000000e+00 8.4883038e-11 1.5994762e-09]
3766,"重灌,電腦,需要,新設,網域",,2,其他,3,網路,[0.089647   0.09009012 0.30656102 0.25233397 0.26136792]
5220,"wireless,card,can,work",,0,Outlook與郵件,3,網路,"[9.99986053e-01 1.13685076e-13 1.39706308e-05 1.90234870e-10
 3.46380524e-08]"
5902,"工作站,主要,網域,信任,關係,失敗",,1,SAP,2,其他,[1.3019839e-10 9.9997449e-01 2.5236575e-05 3.1112708e-07 4.0567727e-08]
1333,"網孔,網路不通,C674",,2,其他,3,網路,[2.1465883e-10 4.1082839e-11 9.9999940e-01 3.1001019e-07 1.8836057e-07]
8563,"Outlook,自動,收信,必需,手動,傳送,接收,收到",,3,網路,0,Outlook與郵件,[8.4712960e-13 2.2474762e-09 4.1530029e-08 1.0000000e+00 7.5164549e-13]
7862,"填寫,APP46,收單,出現,錯誤,Sys,Webforms,PageRequestManagerServerErrorException,305",,2,其他,4,資訊系統,[4.3832811e-13 2.4177708e-13 1.0000000e+00 1.4265741e-08 1.0744814e-08]
5414,"表示,使用,SAP,印表機,設定,似乎,有誤,無法,列印",,2,其他,1,SAP,[1.5206117e-06 1.6082190e-07 9.9966133e-01 2.7179619e-04 6.5148335e-05]
7547,"網路不通,網孔,編號,D211",,2,其他,3,網路,[1.6190729e-22 2.6092734e-23 1.0000000e+00 2.8216518e-16 1.2110120e-14]
8723,"課程,無法,撥放,電腦,顯示,系統,支援,亂碼",,2,其他,4,資訊系統,[6.1011466e-04 6.4307789e-04 6.8067014e-01 3.1741923e-01 6.5752928e-04]
9965,"無法開啟,Outlook",,0,Outlook與郵件,2,其他,"[9.05252635e-01 6.40020648e-04 7.75503367e-02 3.68088577e-03
 1.28760105e-02]"
5107,"早上,40,同事,A25,mai,客人,CC,我及,主管,收到,是否,卡在,server",,2,其他,0,Outlook與郵件,[1.0278752e-05 1.8006922e-07 9.9758244e-01 1.4985885e-04 2.2572943e-03]
7763,"桌上型,無法使用,在轉,圈圈,設定,畫面",,4,資訊系統,2,其他,[1.0747447e-06 3.7116915e-06 2.3202179e-04 7.5549788e-06 9.9975568e-01]
6900,"project,使用,MTK,平臺,MTK,部份,文件,使用,trustview,加密,原本,去年,正常,連上,trustview,server,發現,連不上,請問,是否,公司,檔掉",,2,其他,3,網路,[9.1438615e-08 1.4196884e-14 9.9999976e-01 8.1980744e-10 8.6073783e-08]
8745,"Supplier,web,can,link,www,speed,tech,com,tw",,2,其他,3,網路,[0.00125318 0.00444697 0.97119194 0.01126238 0.01184554]
6424,"can,use,office,2003",,4,資訊系統,2,其他,[0.00384845 0.0043759  0.0336493  0.00488039 0.95324594]
600,"國家,客人,Call,公司,號碼",,3,網路,2,其他,[2.0958809e-07 1.1211572e-04 7.0378592e-04 9.9918276e-01 1.0171576e-06]
9087,"office,scan,無法連線,主機",,0,Outlook與郵件,2,其他,[0.5721672  0.03611681 0.22897467 0.06102979 0.10171149]
7084,"透過,SSLVPN,連上,無法使用,OrCAD,簽核,文件,無法連上,Mail,server,全部,設定好,出現,憑證,問題",,2,其他,3,網路,[1.1003979e-09 9.7938789e-11 9.9999440e-01 4.9987598e-06 6.3999198e-07]
9163,"無法開啟,Ootlook",,1,SAP,0,Outlook與郵件,[0.01653535 0.5247093  0.14448875 0.28049874 0.03376785]
3669,"軟體,有異,移除,安裝,請求",,2,其他,1,SAP,[5.9553519e-15 1.1503696e-15 1.0000000e+00 1.6087674e-10 5.4290467e-10]
6480,"寄信,公司,內部,同仁,對方,收到,收到,退回",,2,其他,0,Outlook與郵件,[0.01350997 0.01032933 0.7264773  0.05057262 0.19911079]
6459,"OFFICE,2003,無法,升級",,4,資訊系統,2,其他,[4.1481759e-04 1.1817035e-03 1.4032536e-02 2.0724430e-03 9.8229849e-01]
2879,"電腦,跳出,顯示,執行,指令,診斷,原生,主機,停止,運作",,1,SAP,2,其他,[2.3126013e-19 1.0000000e+00 4.4231509e-08 1.7156649e-11 2.1906491e-13]
9355,"系統,操作,出現錯誤,訊息",,2,其他,4,資訊系統,[4.9238115e-13 3.6873753e-14 1.0000000e+00 2.3751485e-09 2.2732793e-09]
9796,"夾帶,郵件,自動,夾帶,附檔,寄給,日本客人,顯示,信件,容量,寄給,正常",,2,其他,0,Outlook與郵件,[7.2438300e-09 4.7909985e-11 9.9999106e-01 3.4332425e-07 8.5404754e-06]
4923,"無法登入,168,出現錯誤,訊息,登入",,3,網路,1,SAP,[2.8373688e-05 3.0675281e-03 8.2400031e-03 9.8858309e-01 8.1102451e-05]
5522,"網路,孔不通,編號,PK23D239,PK24D240",,1,SAP,3,網路,[3.7088953e-22 1.0000000e+00 7.0588718e-10 1.0883191e-12 5.5801511e-14]
6810,"離職,人員,仍列,project,management,人員,設定,清單,請將,離職,人員,移除,Eric,Wu,清正,系統,標示為,離職",,2,其他,4,資訊系統,[1.9094436e-16 2.8640068e-18 1.0000000e+00 1.4534438e-11 3.5787586e-09]
3324,"北棟,七樓,NB4,無線網路不通",,2,其他,3,網路,[3.8615535e-13 8.8121940e-14 1.0000000e+00 3.7239831e-09 2.4343136e-09]
3582,"forgot,password",,3,網路,2,其他,[0.02968771 0.1180281  0.31999156 0.483976   0.04831656]
8713,"LCBU,QITS,申請,開通,Analysis,功能,目前,LCBU,QITS,系統,缺少,Analysis,button,功能,enable,it",,2,其他,4,資訊系統,[0.04781538 0.00128794 0.7852183  0.1463256  0.01935282]
5888,"外部,郵件傳送,問題,詢問",,4,資訊系統,0,Outlook與郵件,[0.0894842  0.05043236 0.23861709 0.03926321 0.5822031 ]
3305,"訪客,帳號,登入,We,Mail,無法,點選,信件,內容,超連結",,0,Outlook與郵件,3,網路,[9.9997842e-01 8.1807960e-14 2.1521120e-05 5.6331873e-11 2.8113528e-08]
3103,"無法連結,BPM,表單,ALL",,0,Outlook與郵件,4,資訊系統,[9.9999988e-01 9.2109010e-20 6.6867180e-08 2.1054979e-16 1.6029377e-11]
4401,"E0,0992,轉入,218",,2,其他,1,SAP,[8.6272968e-07 3.3423294e-07 9.9980825e-01 4.1380288e-05 1.4922833e-04]
1497,"乙太網路,區域,連線,連線,特定,DNS,尾碼,quanta,corp,IPv4,位址,10.242,232.126,網路,遮罩,255.255,252.0,預設,閘道,10.242,232.1,IP,10.241,117.33,Dailybuild,UY1,L27,IS,M1,0002,原本,連結,這幾天,無法進入",,2,其他,3,網路,[8.4290513e-10 4.5019739e-13 9.9999833e-01 1.5732568e-06 7.7221152e-08]
1908,"SSLVPN,無法安裝,完全,無法連線,登入",,2,其他,3,網路,[2.0121472e-06 1.2337463e-06 9.9959964e-01 9.4496500e-05 3.0267675e-04]
7815,"Please,help,me,cancel,application,form,due,to,wrong,entered,information",,3,網路,4,資訊系統,[3.8722479e-05 9.9714519e-04 1.9938692e-03 9.9696416e-01 6.0652324e-06]
7110,"表示,帳號,權限,查詢,BOM,cost",,2,其他,1,SAP,[6.7746326e-15 1.0459655e-16 1.0000000e+00 1.5198211e-11 2.2749655e-10]
9442,"外部,網路,使用,openvpn,無法登入,公司網域,公司,設定,openvpn,之前,正常,使用,個月",,2,其他,3,網路,[1.3407432e-03 2.4182902e-04 9.3308651e-01 8.2237003e-03 5.7107203e-02]
1569,"修改,合約審核申請單,APP71,合約,Tosba,CMOS,Image,Sensor,修改為,NDA,Tosba,CMOS,Image,Sensor",,2,其他,4,資訊系統,[2.2303218e-17 7.9240142e-20 1.0000000e+00 9.4389071e-12 6.6091559e-12]
5085,"發現,安全,威脅,違規,惡意,偵測,封鎖,下列,.....,執行,程式,跳出,話框",,3,網路,2,其他,[1.3461901e-10 6.1989335e-06 9.4535921e-05 9.9989927e-01 1.5462469e-09]
7101,"預報,加班申請單,2018,05,04,07,54,04,送件,2018,08,06,04,系統,通知,主管,簽核,系統,自動,失效,主管,表示,未收到,通知,單重,無法,刪除",,2,其他,4,資訊系統,[5.5623204e-14 4.3382026e-16 1.0000000e+00 4.6679642e-09 1.1061511e-09]
978,"報修,座位,網路,孔有,問題,無法使用,北棟,六樓",,2,其他,3,網路,[4.6684200e-04 6.9488669e-05 9.2432570e-01 6.3128043e-03 6.8825208e-02]
5311,"跳出,無法使用",,1,SAP,2,其他,[4.9477076e-09 9.9966300e-01 2.8817361e-04 2.9759822e-05 1.9124351e-05]
517,"今日,發生,寄信,客戶端,mail,無法,傳遞,訊息,客戶端,收到,mail,無法,判別,是否,正常,寄信,客戶端,傳遞至,下列,收件,群組,失敗,將此,郵件傳送,電子郵件地址,發生,問題,嘗試,傳送,郵件,問題,持續,發生,支援,人員,系統管理員,診斷,資訊,產生,伺服器,mx01,quantatw,com,5.0,smtp,5.1,Bad,destination,host,Multiple,DNS,queries,were,attempted,and,failed,DNS,Hard,Error,looking,up,smtp,hp,com,NXDomain,delivery,attempts,SMTP",,2,其他,0,Outlook與郵件,[8.7156264e-09 2.1593269e-09 9.5575774e-01 1.1770103e-05 4.4230510e-02]
8124,"系統,異常,緩慢,開啟,程式,會整,停住",,3,網路,2,其他,[4.1835267e-33 8.4195102e-20 1.3742233e-18 1.0000000e+00 6.8330068e-29]
8386,"Lync,選項,時會,消失,出現,一片,空白,虛擬,鍵盤,搜尋,無法,試著,重開,過也,版本,4.0,7577.0,公司,系統,內建,重安,裝過,操作手,指示,版本",,3,網路,2,其他,[1.4341072e-03 2.0601493e-04 1.1620169e-03 9.9718612e-01 1.1757808e-05]
4169,"申請,電腦,尋不到,印表機",,0,Outlook與郵件,2,其他,[9.5684439e-01 7.8644240e-05 3.8018148e-02 1.4369333e-03 3.6218981e-03]
9853,"sir,Sorry,forgot,for,my,PLM,Password,and,is,there,any,method,to,log,in,system,or,can,modify,my,password,again",,3,網路,2,其他,[1.4984290e-04 2.8085085e-03 5.7708666e-02 9.3686533e-01 2.4676628e-03]
1066,"達豐,ECN,認証,出現錯誤,ECN,相關同仁",,4,資訊系統,1,SAP,[1.1510475e-08 3.9527035e-06 2.0525955e-05 3.3015294e-07 9.9997520e-01]
7625,"ftp,QU,model,DY1,3d,0719,帳號,QU,model,密碼,無法,連接",,0,Outlook與郵件,2,其他,[9.2994076e-01 2.8788663e-05 1.5078112e-02 5.4562949e-02 3.8932121e-04]
1329,"guest,無法進入,網頁",,0,Outlook與郵件,3,網路,[9.9999940e-01 5.2834315e-17 6.4560982e-07 2.1737315e-14 5.6331684e-10]
1239,"Sever,共用,excel,變成,唯讀,無法,存檔,同事,唯讀,問題",,1,SAP,2,其他,[3.8054441e-24 1.0000000e+00 7.6138311e-11 2.9200824e-14 5.2598264e-17]
9827,"同仁,目前,系統,WinXP,英文版,安裝,中文時,需要,Windows,XP,Source,files,提供,原始,檔案",,3,網路,2,其他,[1.1573734e-06 2.2657120e-03 3.3634659e-04 9.9478841e-01 2.6083395e-03]
2183,"南棟,3FC,會議室,網路,很慢",,2,其他,3,網路,[0.01331197 0.01438782 0.56548136 0.04582002 0.36099887]
914,"credit,cost,center,錯誤,倉庫,無法,扣帳",,2,其他,1,SAP,[5.9552612e-15 5.3400942e-15 1.0000000e+00 6.4563042e-11 1.7040265e-10]
1097,"密碼過期,無法使用,WEBMAIL,密碼,出現",,3,網路,2,其他,[8.8733031e-12 5.5887307e-07 2.0624275e-06 9.9999738e-01 2.1721400e-10]
7142,"android,lync,OCS,2013,無法使用",,3,網路,2,其他,[2.6907128e-09 1.1377838e-04 6.5727654e-05 9.9982053e-01 1.1416476e-08]
1153,"無法連線,FTP,同事",,3,網路,2,其他,[0.02095234 0.33104214 0.1752619  0.44546536 0.02727825]
3120,"BPM,系統,英文版,變回,方式",,3,網路,4,資訊系統,[2.3813224e-24 8.4835279e-15 2.3618038e-13 1.0000000e+00 1.9692769e-21]
10072,"BU9,ESDEE,部門,BPM,簽核流程,修改,簽核,主管,加入,Jimmy,Cn,副總",,2,其他,4,資訊系統,[4.7890155e-04 3.1720863e-03 9.8447651e-01 7.7146236e-03 4.1578715e-03]
759,"開機,控制台,區域網路,quanta,corp2,出現,無法,驗證,停用,開啟,連上,網路",,2,其他,3,網路,[1.3882001e-07 4.4495323e-09 9.9955577e-01 2.6060845e-05 4.1801669e-04]
5746,"帳號,登入,電腦,進入,BPM,變成,帳號",,1,SAP,4,資訊系統,[7.4164537e-21 1.0000000e+00 1.5619892e-09 9.0591949e-13 9.0709944e-15]
1004,"VPN,連上,無法,瀏覽,公司,內部,網站,myquanta",,1,SAP,3,網路,[1.8754090e-05 7.7268064e-01 2.2595586e-01 1.0552828e-03 2.8937013e-04]
3930,"BPM,系統,中看,不到,Vendor,code,申請,進度",,3,網路,1,SAP,[5.7644147e-04 1.5241942e-02 1.9969454e-02 9.5922720e-01 4.9850452e-03]
3483,"移除,AN,之前,已經,做過,資產,減損",,3,網路,2,其他,[0.13641052 0.10174453 0.26995686 0.3699349  0.12195325]
1740,"薪資單,郵件,無法,打開",,2,其他,0,Outlook與郵件,[4.5617480e-06 6.3448857e-07 9.9952734e-01 5.7221481e-05 4.1022646e-04]
8630,"ZP25.26,27.28,無法,執行",,2,其他,1,SAP,[6.1997404e-14 4.5494627e-15 9.9999058e-01 9.3070734e-10 9.4597272e-06]
8182,"IP,Phone,重新,網路線,無法,完成,IP,設定,無法進入,初始,頁面,留在,TFTP,P0,loads",,3,網路,2,其他,[1.6689735e-19 4.1449465e-12 2.2602460e-11 1.0000000e+00 3.0812594e-17]
9876,"反映,網路,訊息,顯示,驚嘆號,網頁,瀏覽,看似,正常",,0,Outlook與郵件,3,網路,[9.9999988e-01 1.9038256e-19 6.2685920e-08 3.0920345e-16 1.1287028e-11]
3795,"WIFI,Staff,連線,正常,接上,實體,網路線,網路不通,乙太網路,狀態,裡面,顯示,驗證,失敗",,2,其他,3,網路,[2.7341869e-08 9.9779551e-12 9.9981481e-01 2.4174778e-07 1.8496043e-04]
5560,"Dr,Eye,does,not,work",,3,網路,2,其他,[2.9326505e-19 1.2400538e-11 2.3230765e-10 1.0000000e+00 4.3813414e-17]
256,"PDM,系統,無法,Import,BOM",,2,其他,4,資訊系統,[2.140944e-06 6.722083e-07 9.991310e-01 8.120564e-04 5.406628e-05]
8829,"北棟,四樓,SI,BU,許多,網路不通,1604",,2,其他,3,網路,[0.01732013 0.00178527 0.9058568  0.0297943  0.0452434 ]
5469,"同仁,設定,Lync,保留,紀錄",,0,Outlook與郵件,2,其他,[9.9968255e-01 2.5429200e-10 3.1426793e-04 3.1169975e-08 3.1907293e-06]
6452,"公司,內部,無線,STAFF,網路無法連線,無線網路,設定,內有,STAFF,選項,無法,手動,連線到,STAFF,請問,系統,XP",,4,資訊系統,3,網路,[0.0116029  0.07581675 0.06199353 0.20327972 0.6473071 ]
4063,"logon,fail",,4,資訊系統,1,SAP,[2.6490188e-09 1.8737678e-07 1.9873793e-05 5.4525304e-07 9.9997938e-01]
8384,"南棟,四樓,nb2,L27,網路不通",,2,其他,3,網路,[1.9089166e-11 1.8446137e-12 9.9999988e-01 8.1710780e-08 4.0185313e-08]
3682,"出勤,系統,主管,選單,無法,下載,出勤,紀錄",,2,其他,4,資訊系統,[6.4427083e-12 9.0170706e-15 1.0000000e+00 4.4004289e-09 1.3178079e-09]
4422,"請將,報廢,機台,帳戶,移除,AN,Windows,企業,6.1,7601",,3,網路,2,其他,[4.8422144e-04 7.5487811e-03 3.7967870e-01 6.1081350e-01 1.4748932e-03]
5798,"廣義,基金會,自行,購買,ADOBE,軟體,入時,彈出,警告,使用,未會,解除,授權,解決,方法",,0,Outlook與郵件,2,其他,[9.7796363e-01 2.0967438e-08 2.1965038e-02 2.5350735e-05 4.6101934e-05]
8917,"MEETING,PLACE,無法進入",,1,SAP,3,網路,[0.00193721 0.7311617  0.22521709 0.02733121 0.01435274]
3689,"網路,印表機,安裝,網路,印表機",,3,網路,2,其他,[3.1489327e-07 1.3288806e-04 4.4527848e-04 9.9941945e-01 2.1478475e-06]
3996,"無法,打開,2013,年終獎金,公告,mail,附檔,權限,不足",,2,其他,0,Outlook與郵件,[4.2941138e-06 3.6390848e-08 9.9985850e-01 6.6490567e-05 7.0715083e-05]
8088,"office,scan,顯示,無法,升級,錯誤訊息",,0,Outlook與郵件,2,其他,[9.6947306e-01 6.4812688e-05 2.6607284e-02 2.5688831e-04 3.5979436e-03]
1807,"QCO02,遠端桌面,無法開啟,Outlook,2013",,3,網路,0,Outlook與郵件,[1.4922169e-11 2.4669529e-09 8.7535888e-08 9.9999988e-01 2.3567019e-12]
7702,"無法,掃描,病毒碼,無法更新,類似,防毒,程式,licence,問題,重開,狀況",,3,網路,2,其他,[3.5956507e-21 1.4845740e-12 1.6788074e-11 1.0000000e+00 1.1189801e-18]
250,"windows,update,電腦,無法使用",,3,網路,2,其他,[1.0973067e-05 3.7444025e-01 6.1012502e-03 6.1941791e-01 2.9613524e-05]
282,"目前,電腦,裡面,有J,ava,SOP,安裝,選單,有J,ava,沒辦法,設定,工作,需要,使用,Agile,Java,版本",,2,其他,4,資訊系統,[3.3821363e-09 1.8087721e-11 9.9995482e-01 1.2369229e-06 4.3987333e-05]
7018,"兩個,網路,一個,for,Linux,使用,Notebook,需要,MIS,重新讀,電腦,Mac,port,PT24,A456",,2,其他,3,網路,[1.0905320e-04 9.9839868e-05 6.4221311e-01 2.6671514e-03 3.5491091e-01]
6704,"訓練,檔案,無法開啟,導致,無法,完成,課程",,1,SAP,4,資訊系統,[1.1911550e-29 1.0000000e+00 3.4486365e-13 1.9792597e-17 1.3125135e-19]
2956,"寄信,廠商,兩三天,收到,方式",,2,其他,0,Outlook與郵件,[0.01730178 0.00864987 0.7478918  0.09982099 0.12633558]
5803,"SI,申請單,同事,產假,有設,代理人,代理人,收不到,信件,卡關,問題,詢問",,2,其他,4,資訊系統,[8.6872424e-05 5.9011254e-06 9.9632710e-01 1.5563595e-03 2.0237751e-03]
9590,"系統,不斷,跳出,惡意,攻擊,通知",,0,Outlook與郵件,2,其他,[0.84296316 0.00193878 0.12624963 0.00977857 0.01906992]
6393,"BPM,設定,代理人,異常,轉單",,0,Outlook與郵件,2,其他,"[9.86771047e-01 3.79431322e-06 1.24083245e-02 4.39890973e-05
 7.72815838e-04]"
9931,"無法登入,廣達,網域,變更,密碼,問題",,1,SAP,2,其他,[5.1734132e-06 9.8983824e-01 7.1652606e-03 2.8069427e-03 1.8432201e-04]
8963,"無線網路,不通",,2,其他,3,網路,[0.00941822 0.0124409  0.71500385 0.23407318 0.02906385]
9602,"QWindows,旗艦版,6.1,7600,電腦帳戶移除",,4,資訊系統,2,其他,"[4.61633789e-08 1.05296016e-01 2.53682869e-04 1.84434248e-05
 8.94431829e-01]"
4683,"can,access,network",,2,其他,3,網路,[0.01528572 0.03063685 0.77384335 0.14247584 0.03775826]
6036,"ex,會議室,網路不通",,2,其他,3,網路,[5.5490656e-08 1.2693649e-08 9.9996102e-01 2.8333357e-05 1.0478196e-05]
612,"我之前,使用,MRO2,採買,原物料,收貨,地點,CSMC,廠商,開立,發票,找不到,驗收申請單,無法,廠商,TDI,請款",,3,網路,4,資訊系統,[0.00125507 0.00331394 0.0722833  0.907409   0.0157386 ]
3465,"無法連上,268,client",,2,其他,1,SAP,[0.01036944 0.00996118 0.78808475 0.05514268 0.13644196]
1784,"無法,申請,系統,顯示,申請單,但經,查詢,申請單,不存",,2,其他,4,資訊系統,[0.02283125 0.19271515 0.52882785 0.22185485 0.03377092]
9956,"客戶,無法,寄發,郵件",,4,資訊系統,0,Outlook與郵件,[7.4756827e-07 1.9072348e-05 4.1637520e-04 4.3970667e-05 9.9951982e-01]
3033,"BOM,是否,可以展,下層",,2,其他,1,SAP,[6.9968631e-09 5.2950253e-09 9.9999380e-01 4.4074477e-06 1.7700621e-06]
8032,"電腦中毒,excel,打不開",,3,網路,2,其他,[0.03024325 0.28638974 0.21350785 0.43169233 0.03816693]
6416,"反映,寄信,收件人,反映,收到,時間,20,下午,11,47,寄信",,2,其他,0,Outlook與郵件,[2.6975536e-05 7.5072343e-08 9.9961686e-01 3.3260632e-05 3.2285077e-04]
9189,"系統,很慢,無法使用,ps,倉庫,反應,系統,很慢",,2,其他,1,SAP,[2.1023157e-20 1.2305194e-21 1.0000000e+00 9.0265570e-14 1.6770199e-13]
2315,"VPN,軟體,裝完,無法,正常,連回,公司",,2,其他,3,網路,[3.0214758e-05 7.5269863e-03 9.9162841e-01 4.8880553e-04 3.2552340e-04]
5634,"請教,MAC,收到,本機,存放",,2,其他,0,Outlook與郵件,[4.1593773e-15 1.9510828e-15 1.0000000e+00 1.1355659e-10 4.2657314e-10]
5098,"MRO2,發票,作業,儲存,出現,輸入,字串,格式,正確,無法,作業,發信,Andy,Chen,似乎,回應,系統,發信,收料,逾七天,尚未,進行,發票,作業",,2,其他,4,資訊系統,[4.0972782e-03 5.4518320e-04 8.4060234e-01 7.9892479e-02 7.4862719e-02]
6830,"更換,個月,LYNC,顯示,PS,OUTLOOK,正確",,0,Outlook與郵件,2,其他,[9.3781459e-01 9.4133058e-05 5.5096030e-02 8.0785545e-04 6.1873985e-03]
6332,"AP,Windows,企業,6.1,7601",,3,網路,2,其他,[1.3140630e-24 7.0779577e-15 7.4651026e-14 1.0000000e+00 8.4462335e-22]
9887,"AN,治具,Server,原為,Zohan,Xiao,蕭志凌,zohan,已轉,部門,而此,設備,需要,廣達,網域,能否,登入,方式,使用,Server,自設,密碼,廣達,網域,移除,原本,Zohan,帳密,不可以,能否,遠端,方式,改成",,2,其他,3,網路,[1.8213704e-08 3.3895484e-11 9.9998391e-01 8.6214919e-07 1.5287793e-05]
2646,"ZV14,SO,ZPAO,相關,問題",,0,Outlook與郵件,1,SAP,[9.9990928e-01 1.3557912e-11 9.0277936e-05 1.4537320e-09 5.1631326e-07]
2693,"申請,server,IP,10.242,245.47,孔號,PL24,C264,主機,MAC,40,61,86,4b,d5,da,連線,發覺,無法連上,arping,取得,MAC,address,40,61,86,4b,d5,da,應為,IP,衝突,請問,解決",,2,其他,3,網路,[1.4843111e-09 6.5660726e-13 9.9999881e-01 5.1032180e-07 6.7937839e-07]
3175,"寄給,客人,無法,寄出",,2,其他,0,Outlook與郵件,[1.0992846e-04 5.1394691e-05 9.9112087e-01 2.3066390e-03 6.4111841e-03]
2498,"無法,撥放,廣達,菁英,學校課,影片",,0,Outlook與郵件,2,其他,[7.8995770e-01 4.9861858e-04 6.5790236e-02 1.1139762e-03 1.4263949e-01]
6578,"QITS,Project,Management,Project,Name,BD8,win8.1,Modify,出現,伺服器錯誤",,3,網路,4,資訊系統,[4.1359701e-18 1.2925527e-10 5.1366972e-10 1.0000000e+00 1.3275620e-15]
3409,"XP,upgrade,一些,網路,安裝,設定,不見了,802,ex",,1,SAP,3,網路,[0.08847106 0.77087826 0.05101955 0.08576123 0.00386989]
3392,"設定,收發,mail,設定到,出現,無法使用,SSL,連線,錯誤",,4,資訊系統,0,Outlook與郵件,[0.00295521 0.00385923 0.27383235 0.01199265 0.70736057]
5833,"同事,收到,廖子,信件,寄件,名字,上面,右鍵,選擇,立即,傳送,訊息,Lync,會連到,廖資文,視窗,顯示,mail,錯誤",,2,其他,0,Outlook與郵件,[2.8638540e-08 1.0466574e-11 9.9764782e-01 3.2154884e-07 2.3518074e-03]
9334,"同仁,無法連到,辦公室,scanner",,0,Outlook與郵件,2,其他,[9.9192894e-01 6.3661622e-07 6.6158110e-03 4.6552277e-06 1.4500979e-03]
3438,"台電,無法,藉由,遠端,方式,連到,server,server,接到,網路,孔編,號為,P119,D187,這台,server,上網",,0,Outlook與郵件,3,網路,[9.9858057e-01 1.7277971e-07 1.3945249e-03 3.1852903e-07 2.4562358e-05]
2862,"168,logon,fail",,3,網路,1,SAP,[4.0297793e-05 9.4415992e-03 5.8767837e-03 9.8443848e-01 2.0286215e-04]
4085,"外部,網路,正常,內部網路,正常,無法連到,一些,辦公室,同事,server,印表機",,0,Outlook與郵件,3,網路,[9.9994552e-01 9.1583399e-12 5.4239623e-05 3.9515385e-10 2.1583942e-07]
8292,"出差,廠商,無法使用,VPN,MAIL,密碼過期",,1,SAP,3,網路,[1.7842939e-04 9.3146408e-01 4.6323590e-02 2.0137301e-02 1.8965683e-03]
10031,"系統,自動,無法登入",,3,網路,1,SAP,[5.5600469e-07 1.9082984e-04 9.2803116e-04 9.9887866e-01 1.8524105e-06]
3154,"logon,畫面,出不來",,3,網路,1,SAP,[3.1685649e-06 7.0817157e-04 3.7327434e-03 9.9554837e-01 7.4401769e-06]
1189,"OUTLOOK,更新成,2016,OUTLOOK,收件人,點選,無法,直接,使用,LYNC,對談",,0,Outlook與郵件,2,其他,[9.9999678e-01 2.1039658e-16 3.2009812e-06 5.1298099e-13 6.7279360e-10]
4344,"廠商,newsoft,com,cn,防火牆,擋住,希望,開啟,權限",,2,其他,3,網路,[4.5378010e-07 4.7359907e-09 9.9995875e-01 4.7107278e-06 3.5997720e-05]
4769,"318,QCH,無法登入",,2,其他,1,SAP,[0.0838283  0.05134216 0.5394343  0.25845647 0.06693873]
2686,"網路不通,北棟,7F",,2,其他,3,網路,[9.267594e-16 2.847799e-16 1.000000e+00 9.786445e-11 6.841273e-11]
1756,"修改,敘述,轉到,208,錯誤",,0,Outlook與郵件,1,SAP,[0.5248109  0.18612032 0.20183589 0.03790961 0.04932324]
1919,"無法登入,訪客網路,Proxy,無回應",,1,SAP,3,網路,[4.4838404e-16 9.9999976e-01 2.7340451e-07 2.1595263e-09 1.2980699e-09]
9723,"移除,電腦,AP",,3,網路,2,其他,[7.0395803e-17 1.6126568e-10 2.6787412e-09 1.0000000e+00 4.3811788e-15]
4917,"南棟,六樓,ASBU,無線網路不通",,2,其他,3,網路,[7.3565682e-04 5.5527507e-04 9.3051547e-01 1.0170976e-02 5.8022704e-02]
7083,"操作,ZB34,不小先,轉檔,無法,修改,數量,Jim",,2,其他,1,SAP,[2.6443990e-06 5.4435583e-07 9.9970108e-01 7.7205463e-05 2.1843976e-04]
5445,"主管,出差,電腦,密碼過期,解鎖,重設,Tim,Li,李懋鑫",,3,網路,2,其他,[0.01516811 0.04868604 0.30356672 0.6187825  0.01379666]
4638,"設備,ID,Blu046,無法,歸還,顯示,設備,歸還,實際,記錄,歸還",,3,網路,4,資訊系統,[2.3941530e-04 1.8523268e-03 1.0616789e-03 6.5190035e-01 3.4494621e-01]
8299,"電腦,重新,灌過,目前,出現,outlook,薪資,公司,系統,加密,ocs,原本,出差,期間,升等,無法,撥打,未加,公司,群組,號碼,整個,檢查,一下,電腦",,2,其他,0,Outlook與郵件,[1.6410894e-07 5.9648228e-12 9.9998915e-01 1.2021636e-07 1.0577669e-05]
3648,"Status,文字,裡面,出現,斷行,符號,實際,斷行,效果,assign,通知,告知,owner,但現,漏信,收不到,通知",,3,網路,4,資訊系統,[2.5379407e-18 1.1282967e-10 5.8025174e-10 1.0000000e+00 3.2235340e-16]
1359,"MRO,PO,通知,已經,刪單,展延,系統,mail,通知",,2,其他,4,資訊系統,[0.08222919 0.07633189 0.5055675  0.2393833  0.0964881 ]
3989,"process,無法新增,簽核",,1,SAP,4,資訊系統,[0.01237275 0.80446005 0.09828483 0.06331049 0.02157192]
7327,"詢問,1F,會議室,是否,有線網路,防火牆",,4,資訊系統,3,網路,[0.00175573 0.00258158 0.19473584 0.0041029  0.796824  ]
4101,"QEX,影片,無法,正常,播放",,2,其他,4,資訊系統,[0.00234595 0.00099647 0.92044336 0.01620404 0.06001017]
4955,"outlook,無法,寄送,接收,郵件,對象,廠區,email",,3,網路,0,Outlook與郵件,[5.2938635e-06 2.7428055e-04 4.4064235e-04 9.9927431e-01 5.4746333e-06]
2379,"create,credit,出現錯誤,訊息,credit,control,error,8100,has,not,been,defined",,2,其他,1,SAP,[2.8278737e-09 4.5937833e-11 9.9999797e-01 1.3738397e-06 6.1083068e-07]
1124,"使用,BPM,系統,MRO,申請單,結標,時會,出現,Error",,2,其他,4,資訊系統,[2.5467441e-08 8.0072038e-10 9.9992716e-01 7.1906055e-05 9.8107762e-07]
3501,"更改,密碼,內部,網站,無法連上",,1,SAP,3,網路,[0.00870093 0.6674831  0.10328382 0.11230455 0.10822765]
3568,"位置,網路不通,PF17,C113",,2,其他,3,網路,[9.7623820e-07 2.2093123e-07 9.9805862e-01 3.8475722e-05 1.9017650e-03]
7366,"防毒軟體,每天,接近,中午,12,點都會,問要,掃描,選擇,掃描,隔天,問要,掃描,查看,記錄,發現,掃描,狀態,意外,中斷",,3,網路,2,其他,[3.1967975e-14 5.3422504e-08 4.7596620e-07 9.9999952e-01 6.9844488e-13]
1679,"QSMC,同事,收到,故都,需經,QSMC,同事,轉寄,給我,查看",,3,網路,0,Outlook與郵件,[0.00117389 0.02646796 0.07075118 0.8990662  0.00254073]
2451,"進行,收料,簽核,發現,問題,Error,Message,截圖,寄送給,Eden,Kao",,2,其他,4,資訊系統,[1.0599969e-04 1.2332301e-04 6.6865158e-01 1.8949012e-03 3.2922414e-01]
4074,"進入,FTP,網頁,模式,無法,轉換,進入,檔案,總管,模式,無法上傳,檔案",,2,其他,4,資訊系統,[1.5028060e-21 6.9332955e-25 1.0000000e+00 1.1652436e-17 7.0400402e-16]
3196,"工作,機會時,出現,檢查,防毒,保護,訊息,出現",,4,資訊系統,2,其他,[5.1661511e-04 8.8283583e-04 2.5141224e-02 1.7297752e-03 9.7172958e-01]
10053,"電腦,安裝,無法,ZIP",,1,SAP,2,其他,[0.00478473 0.48616648 0.45691845 0.0321457  0.01998468]
166,"找不到,某台,網路,印表機",,1,SAP,2,其他,[0.00599939 0.57621694 0.09577176 0.30750751 0.01450439]
5110,"process,簽列要,加人,系統,出現,原始,流程,取得,錯誤,關掉,視窗,切回,表單,進入,流程,繼續,操作,訊息,按掉,簽單,人員,全部,消失,無法,更動",,2,其他,4,資訊系統,[4.0451016e-15 9.0532565e-16 1.0000000e+00 2.9472266e-10 1.2710157e-08]
5395,"HP1312NFI,P2055,二台,無法使用",,1,SAP,2,其他,[1.7552076e-15 9.9999940e-01 5.3481858e-07 8.2910105e-09 6.5364469e-10]
1980,"網路,網路不通,沒辦法,連上,網路,網路,孔號,PG19,A139",,2,其他,3,網路,[2.0689840e-05 7.6594370e-07 9.9619448e-01 1.2317499e-04 3.6609152e-03]
2767,"Android,無法使用,guest,帳號,登入",,1,SAP,3,網路,[6.4473207e-14 9.9999774e-01 2.1418102e-06 6.3720940e-08 2.5350340e-09]
4050,"上週,反應,使用,NB4,網路,無法上網",,2,其他,3,網路,[4.6168280e-01 2.9862738e-05 5.3715068e-01 3.9810681e-04 7.3853106e-04]
6215,"請問,下載,WIN7,安裝檔,需要,重新,安裝,OS",,0,Outlook與郵件,2,其他,[9.9992812e-01 6.5284366e-12 6.8766334e-05 2.9949712e-10 3.0673054e-06]
7545,"連到,福委會,網站,跳出,驗證,訊息",,1,SAP,3,網路,[0.00231387 0.7165751  0.05946214 0.02700061 0.19464827]
7576,"重試,一次,OCS,無法使用,出現,伺服器,憑證,發生,問題",,3,網路,2,其他,[1.9421448e-20 4.1030550e-11 6.9621904e-12 1.0000000e+00 7.5134297e-17]
1248,"使用,私人,電腦,無線網路,無法進入,輸入,帳號,網頁",,2,其他,3,網路,[0.18151292 0.18489543 0.32214436 0.18963353 0.12181381]
7512,"SAP,畫面,調整,解析度,字體,模糊",,1,SAP,2,其他,[2.8905782e-12 9.9954826e-01 4.5160946e-04 8.4464730e-08 2.2622328e-09]
5852,"工作,OfficeScan,防毒軟體,變為,紅色,已關閉,狀態,每次,開機,一次,安裝,程序",,3,網路,2,其他,[6.9094124e-14 2.7543706e-08 1.6010922e-07 9.9999988e-01 1.5695304e-12]
7533,"MRO,申請,四筆,費用,共未稅,收料,PO,共收,料四筆,總金額,未稅,發票,作業,輸入,發票,總金額,系統,自動,計算,稅額,2900,出現,網頁,訊息,請款,稅額,需等,驗收,金額,加總,PO,稅額,系統,計算,看一下,問題",,3,網路,4,資訊系統,[7.1103434e-04 5.7476908e-03 1.4817136e-02 9.7200781e-01 6.7162844e-03]
3553,"10.3,六點,離開,公司,中午,沒出,公司,出勤,登出,時間,11,21",,2,其他,4,資訊系統,[1.8003563e-14 3.3864941e-15 1.0000000e+00 2.6147312e-10 1.3913809e-09]
5549,"上班時,自動,斷電,網路,斷掉,每個,禮拜,發生,一次,這次,已經,第三次,座位,孔位,編號,P112,A180",,0,Outlook與郵件,3,網路,[9.7335976e-01 6.4961845e-05 1.3437244e-02 1.2013618e-02 1.1243963e-03]
5519,"修習,課程,點選,選修,問題",,2,其他,4,資訊系統,[0.22723606 0.0636127  0.47179088 0.12811881 0.10924143]
1887,"顯示,離線,狀態,無法,列印",,4,資訊系統,2,其他,[0.00746005 0.00246519 0.01717025 0.00208654 0.970818  ]
2534,"mail,off,line",,4,資訊系統,0,Outlook與郵件,[8.3483810e-11 2.6631499e-09 9.3229875e-07 7.8189268e-09 9.9999905e-01]
2202,"Thermal,過熱,自動,關機",,1,SAP,2,其他,[1.1913130e-07 9.9855655e-01 1.1932569e-03 1.6818683e-04 8.1855462e-05]
2804,"SI,管理,功能,發生錯誤",,3,網路,4,資訊系統,[4.2101687e-17 2.7389396e-10 1.4008367e-09 1.0000000e+00 6.7088470e-15]
4496,"資訊,需求單,BPM,Portal,應用程式,發生,伺服器錯誤,編譯,錯誤,描述,資源,編譯,無法,完成,錯誤,生於,服務,檢閱,下列,特定,錯誤,詳細,資料,並視,情況,修改,原始,程式碼,編譯器,錯誤訊息,CS1061,BPM,GWF016,FormData,包含,CheckIsExistWireless,定義,找不到,擴充,方法,CheckIsExistWireless,接受,型別,BPM,GWF016,FormData,第一個,引數,是否,遺漏,using,指示,組件,參考,原始,程式,錯誤,5901,5902,BPM,GWF016,FormData,objForm,new,BPM,GWF016,FormData,ts,DBType,ts,DBCode,ts,ErrType,ts,ErrCode,Session,ComcodID,ToString,Session,ID,ToString,5903,if,objForm,CheckIsExistWireless,strGuid,ddlModule,SelectedValue,ddlGuestApplyNo,SelectedValue,5904,5905,MasterPage,AlertMessage,ddlModule,SelectedItem,TToString,ddlGuestApplyNo,SelectedValue,已存,申請,記錄,原始,程式,inetpub,wwwroot,BPM,Portal,Program,GWF016,ApplyForm,aspx,cs,5903",,3,網路,4,資訊系統,[5.0286978e-04 3.1374453e-03 7.7671662e-02 9.1715610e-01 1.5318989e-03]
9591,"客戶,訪客,帳號,無法登入",,2,其他,3,網路,"[2.58995351e-06 2.56864200e-06 9.99309778e-01 5.84624708e-04
 1.00480924e-04]"
6897,"outlook,出現,資料檔,問題",,1,SAP,0,Outlook與郵件,[1.1937244e-05 9.9990046e-01 8.7569315e-05 6.9768646e-08 2.6085660e-08]
4115,"無法,建立,PAYER2,相關人",,2,其他,1,SAP,[4.6608986e-21 5.1571147e-22 1.0000000e+00 9.6733831e-16 3.4272186e-14]
2275,"網路不通,出現,連線",,2,其他,3,網路,[1.9515442e-15 1.8565369e-16 1.0000000e+00 3.7218135e-11 6.2912217e-11]
3422,"網域,問題,無法,填寫,BPM,系統,出現,Error",,3,網路,2,其他,[6.2516739e-04 4.1196072e-03 3.2690403e-01 6.6741848e-01 9.3274383e-04]
1665,"出現,版本,Windows,正版",,0,Outlook與郵件,2,其他,[0.4138125  0.06011772 0.2379543  0.17474185 0.11337367]
5585,"透過,PXE,LAN,boot,安裝,Windows,作業系統,工作,機時,選項,Win10,Win7,但當,選擇,安裝,Win10,輸入,AD,一個,畫面,選擇,Win7,SP1,選項,無法安裝,Win10",,0,Outlook與郵件,2,其他,[1.0000000e+00 1.9186908e-20 5.3196292e-08 7.8022513e-16 1.5632962e-11]
411,"Server,Name,ftp01,quantatw,com,Problem,QSMC,同事,正常,上傳,檔案,QRDC,則會,顯示,權限問題,無法上傳,個月,沒問題",,3,網路,2,其他,[0.028472   0.09480033 0.32985833 0.48455894 0.06231031]
1206,"上傳,檔案,時會,問題,程式,直接,結束",,3,網路,4,資訊系統,[1.3177168e-25 8.2547575e-16 1.5886400e-13 1.0000000e+00 2.0650108e-23]
6901,"使用,密碼,遺忘",,3,網路,2,其他,[0.02036805 0.05886118 0.4094393  0.47728992 0.03404148]
697,"收不到,廠商,寄來,郵件,廠商,EMAIL",,2,其他,0,Outlook與郵件,[2.9329350e-10 8.7155498e-11 9.9999905e-01 5.6732426e-07 3.8248879e-07]
5788,"QMN,出差,場內,架設,無線網路,希望,產線,DEBUG,以利,網路,討論,無線網路,連線,成功,一下子,開個,網頁,ocs,斷線,重複,困擾",,0,Outlook與郵件,3,網路,"[9.99278963e-01 1.00019015e-08 7.02718156e-04 9.16158842e-06
 9.19941067e-06]"
2915,"無法,抓到,staff,無線網路,出現,無線網路,清單",,2,其他,3,網路,[2.6416607e-17 1.9184002e-18 1.0000000e+00 2.7961505e-12 3.6028701e-11]
4474,"上午,使用,電腦申請單,申請,筆電,舊換新,送件,網頁,直接,顯示,下列,錯誤,無法,完成,送件,程序,BPM,Portal,應用程式,發生,伺服器錯誤,輸入,字串,格式,正確,描述,執行,目前,Web,要求,過程,發生,例外,情形,檢閱,堆疊,追蹤,取得,錯誤,詳細,資訊,程式碼,產生,位置,例外,詳細,資訊,System,FormatException,輸入,字串,格式,正確,原始,程式,錯誤,165,166,167,if,int,Parse,strNBQty,168,169,txtTwoNB,名下,台以,NB,原始,程式,inetpub,wwwroot,BPM,Portal,Program,GWF024,GWF024,New,aspx,cs,167",,3,網路,4,資訊系統,[5.3513050e-17 2.1452677e-10 4.6765482e-08 1.0000000e+00 3.5466470e-15]
2095,"返台,業務,遺忘,QCI,登入帳號,密碼,聯繫,方式",,4,資訊系統,2,其他,[1.8282439e-14 6.7323730e-10 3.4566469e-08 1.4768428e-10 1.0000000e+00]
7149,"電腦,出現,Office,Scan,問題,無法開啟,outlook",,0,Outlook與郵件,2,其他,[9.9689698e-01 5.7440584e-08 3.0530014e-03 1.9518086e-06 4.8028320e-05]
5258,"AP32,AP33,無法連線",,2,其他,1,SAP,[0.04689068 0.107792   0.38484988 0.38104826 0.07941924]
9801,"郵件,傳送,接收,狀態,無法存取,郵件,資料夾,刪除,郵件,通知,權限,存取",,3,網路,0,Outlook與郵件,[0.0000000e+00 3.2411287e-24 1.7984774e-23 1.0000000e+00 2.0168616e-36]
7383,"svchost,exe,佔用,太多,記憶體,導致,wifi,無法使用,OfficeScan,無法,掃到,病毒",,1,SAP,2,其他,[5.9182483e-05 9.4130456e-01 1.6181637e-02 4.2175874e-02 2.7869295e-04]
6751,"三位,新進,人員,無法,加入,NB6,Audio,group",,2,其他,0,Outlook與郵件,[1.6110620e-24 2.0397744e-26 1.0000000e+00 2.6161585e-17 8.0076859e-16]
8444,"可以查,星期,晚上,mail,星期,早上,寄件,備份,show,星期,晚上,剛剛,28,同事,收到,我想查,客人,收到,事關,報價,回覆,deadline",,2,其他,0,Outlook與郵件,[0.06190724 0.03655417 0.46061748 0.39756885 0.04335223]
3333,"無線網路不通,部門,多人,類似,情形,持續",,2,其他,3,網路,[1.7928665e-24 2.5604337e-25 1.0000000e+00 2.2472828e-17 7.8690563e-16]
9523,"單號,APP83,簽核,會計部,門卻,單子,簽核,無法,付款",,1,SAP,4,資訊系統,"[3.21496501e-08 9.99558151e-01 4.24705446e-04 1.30798635e-05
 4.10118992e-06]"
5697,"Office,軟體,無法開啟,移除,相關,程式,不小心,移除,sqlite3,odbc,driver,USB,Driver,問題",,3,網路,2,其他,[1.1361295e-17 1.2405442e-10 1.6926387e-08 1.0000000e+00 2.1697333e-16]
2450,"無法寄信,海外,QMF,錯誤訊息,exchange2,QFREMONT2,com,拒絕,寄到,電子郵件地址,郵件,Chris,Chen,權限,安全性,問題,無法,傳遞,郵件,郵件,仲裁,拒絕,郵件,地址,接受,寄件,電子郵件,限制,阻止,傳遞,郵件",,3,網路,0,Outlook與郵件,[9.3642957e-15 7.7805531e-09 9.1885273e-09 1.0000000e+00 1.1075385e-12]
5576,"25,剛新人,報到,下週,出差,需要,辦理,資訊,產品,攜出,外帶證,電腦,目前,還沒有,資產編號",,3,網路,2,其他,[1.1917687e-14 1.4254373e-08 9.8643032e-09 1.0000000e+00 3.1289964e-12]
1952,"網路不通,檢查,網路,設定,問題",,2,其他,3,網路,[2.4041624e-29 6.7177004e-32 1.0000000e+00 2.6925231e-22 3.8504872e-19]
7207,"登入,電腦,一段,時間,沒使,用電,輸入,帳密,出現,安全性,問題,....,導致,無法,重新,log,in",,4,資訊系統,2,其他,[1.7122520e-04 2.1829441e-02 2.2936126e-02 6.3350378e-03 9.4872814e-01]
6025,"未收到,認證信,以下,外部,Gmail,信箱,收到,資訊,寄件,Gerrit,Code,Review,收件,主旨,Gerrit,Code,Review,Email,Verification,SPF,PASS,IP,209.85,220.41,DKIM,PASS,網域,sendgrid,softlayer,com",,4,資訊系統,0,Outlook與郵件,[4.5139085e-16 8.9888886e-12 1.7116832e-08 4.0058453e-11 1.0000000e+00]
5590,"windows,作業系統,重複,開機,動作",,3,網路,2,其他,[5.4157845e-04 1.9021338e-01 2.3587959e-02 7.8470641e-01 9.5066126e-04]
4247,"北棟,四樓,印表機,無法連線",,3,網路,2,其他,[7.0968884e-09 4.4450178e-05 6.4696782e-05 9.9989080e-01 3.9099053e-08]
3351,"CISCO,IP,PHONE,密碼,需要,新設",,3,網路,2,其他,[7.2328730e-09 1.4873616e-05 2.9266013e-05 9.9995553e-01 2.4876925e-07]
5544,"申請,網點,開通,APP83,現在,無法使用",,2,其他,3,網路,[3.7095271e-09 7.9242490e-10 9.9999785e-01 4.4448362e-07 1.7189346e-06]
4936,"詢問,簽核,過程,想加,刪除",,0,Outlook與郵件,4,資訊系統,[0.7372295  0.01969564 0.14897871 0.01198654 0.08210962]
1592,"無故,收到,來自,信件,內容,CAF,QRDC,逾期,通知,....,詢問,同仁,收過,類似,信件,系統,誤發",,0,Outlook與郵件,4,資訊系統,[1.0000000e+00 2.3823453e-27 6.6892353e-11 5.8280564e-23 3.5968531e-16]
4148,"下午,郵件,無法,正常,收到,確認,過對方,寄出,兩次,寄給,收不到",,3,網路,0,Outlook與郵件,[2.5936595e-05 2.0147648e-03 2.0486097e-01 7.9303795e-01 6.0364175e-05]
5546,"沒辦法,連到,bpm,server",,0,Outlook與郵件,3,網路,[0.79046303 0.0046496  0.12737563 0.05130975 0.02620192]
6144,"流程,無法,串簽,相關,主管",,2,其他,4,資訊系統,[4.4378838e-14 2.2055008e-15 1.0000000e+00 5.0218493e-11 6.5955497e-10]
7441,"電腦,網路,無法連上,防毒,跳出,病毒,資訊,清除",,2,其他,3,網路,[1.8409305e-11 1.5047750e-11 9.9999952e-01 2.7440761e-08 4.8736172e-07]
8416,"無法連線,公司,ftp,10.240,185.5,無線網路,無法連上,連線,顯示,驚嘆號",,3,網路,2,其他,[2.7338235e-04 7.8736410e-02 3.3365950e-02 8.8693601e-01 6.8819808e-04]
8780,"PC,重灌,作業系統,windows7,需要,windows,啟用,加入,公司網域,不需要,設定,email,帳號,新竹,部門",,4,資訊系統,2,其他,[5.3019795e-07 9.0033231e-05 1.1421863e-03 6.2721469e-05 9.9870455e-01]
5812,"課程,無法,撥放,問券,無法",,2,其他,4,資訊系統,[0.15590104 0.05874642 0.48238075 0.22647202 0.07649979]
1783,"查不到,MRB,申請單,AP",,3,網路,4,資訊系統,[1.3538553e-09 6.1642818e-06 2.2868797e-05 9.9997091e-01 2.9499896e-08]
741,"測試,需求,請問,公司網路,是否,利用,PPTP,連線到,外部,VPN,server",,0,Outlook與郵件,3,網路,[1.0000000e+00 3.9451496e-36 9.1184901e-15 1.4590536e-31 5.1761938e-22]
45,"出差申請單,主管,代理人,設定",,2,其他,4,資訊系統,[0.00741797 0.00349066 0.9430539  0.01951942 0.02651802]
5113,"無法登入,168,登入,2x8",,3,網路,1,SAP,[8.4448919e-05 6.7777904e-03 9.1442605e-03 9.8381811e-01 1.7539471e-04]
36,"資訊需求申請單,裡面,選擇,i2,按下,新增,跳出,帳號,權限,錯誤",,2,其他,4,資訊系統,[1.6625496e-05 2.8297353e-07 9.9982053e-01 5.6580702e-05 1.0593746e-04]
7210,"印表機,網路,列印,無法使用",,3,網路,2,其他,[0.01115227 0.057794   0.10213016 0.7999022  0.02902139]
5317,"無線網路不通,7718",,2,其他,3,網路,[8.0791302e-04 1.1294455e-03 9.4513041e-01 4.9381081e-02 3.5512017e-03]
2727,"OUTLOOK,郵件,已滿,發生,郵件,全部,消失",,3,網路,0,Outlook與郵件,[3.3827799e-13 1.6516344e-06 1.8340373e-08 9.9999833e-01 1.1779298e-13]
8655,"申請,外訓,課程,金額,填錯,無法,砍單",,2,其他,4,資訊系統,[6.4007004e-08 2.9255897e-08 9.9998522e-01 4.9968885e-06 9.7147067e-06]
8135,"開機,密碼,錯誤",,3,網路,2,其他,[0.20057459 0.1200766  0.26252756 0.31132156 0.10549967]
184,"每次,試著,開啟,薪資單,outlook,當掉,狀況,已有,個月",,0,Outlook與郵件,4,資訊系統,[9.9981910e-01 2.0940779e-11 1.7994973e-04 7.1461459e-09 9.1719750e-07]
3411,"10,07,10,08,申請,補休,主管,簽核,系統,出現,缺勤,異常,寄發,信件,通知",,1,SAP,4,資訊系統,[0.02142996 0.85138935 0.10818147 0.0152974  0.00370188]
6082,"國外,回來,登入,電腦,無法,MAIL,無法連到,內部,網站,Myquanta,出現,帳號密碼,失效",,0,Outlook與郵件,3,網路,[1.000000e+00 2.158664e-22 4.344130e-09 6.586280e-19 6.049591e-13]
1103,"BPM,系統,無法登入,My,eHR,專區",,2,其他,4,資訊系統,[1.6927528e-08 2.0016684e-09 9.9997389e-01 2.4878997e-05 1.1349063e-06]
6324,"無法安裝,工作,所需,軟體,message,the,file,has,no,digital,signature,or,the,publisher,is,not,trusted",,3,網路,2,其他,[4.7835329e-04 8.8682881e-04 2.7176341e-01 5.3898346e-01 1.8788801e-01]
9661,"電腦,外帶,發現,資產,並掛,無法,申請,電腦",,2,其他,4,資訊系統,[8.1868183e-09 2.6302851e-09 9.9997950e-01 3.0377573e-06 1.7527094e-05]
341,"公司,有沒有,illustrator",,3,網路,2,其他,[1.4310022e-16 3.5657974e-10 4.4216559e-09 1.0000000e+00 7.6384271e-15]
3531,"有線網路,認證,錯誤,無法連線,外部,網路,收信",,2,其他,3,網路,[0.17160836 0.03028362 0.414778   0.03778519 0.34554487]
6228,"印表機,無法連線,網孔,PP07B343",,3,網路,2,其他,[0.00776769 0.07635644 0.11101355 0.79161054 0.01325182]
6496,"信箱,已滿,設定,收下,信件,本機",,3,網路,0,Outlook與郵件,[3.6346235e-09 3.0798122e-07 5.3233034e-06 9.9999428e-01 2.2561049e-09]
3141,"放行申請單,跳出,ERROR",,2,其他,4,資訊系統,[5.4451825e-06 2.9261485e-06 9.9915898e-01 1.1696778e-04 7.1568618e-04]
1555,"作業系統,XP,更新為,SP3,無法連線,網路,網路,出現,驚嘆號",,4,資訊系統,3,網路,[7.1166648e-25 3.8427228e-20 2.6620166e-15 2.3367397e-19 1.0000000e+00]
7389,"開啟,檔案,切換,EXCEL,時常,無回應",,0,Outlook與郵件,2,其他,[9.6698987e-01 4.1442661e-05 2.8284416e-02 3.3059868e-04 4.3537165e-03]
9839,"請問,工作,NB,公司,WIFI,Staff,廠內,移動到,區域,再連,Staff,IP,會變,有沒有,情況,變更",,3,網路,2,其他,[2.4344430e-04 6.2236665e-03 2.7488789e-01 7.1727687e-01 1.3681884e-03]
2428,"此區,多位,同仁,電腦網路,確認,身分,識別,狀態",,2,其他,3,網路,[8.0050158e-06 7.7244141e-07 9.8708820e-01 3.4948284e-04 1.2553565e-02]
2043,"目前,客戶,無法使用,網路",,2,其他,3,網路,[6.1709093e-06 1.6658882e-05 9.9952734e-01 3.0864275e-04 1.4120941e-04]
7199,"Agile,問題,Java,無法使用",,1,SAP,4,資訊系統,[4.2122763e-04 9.3342859e-01 4.7391295e-02 9.5292004e-03 9.2295734e-03]
4851,"無法,觀看,PIS,訓練課",,1,SAP,4,資訊系統,[0.00100076 0.8611163  0.09747122 0.03388673 0.00652508]
1943,"was,unabl,to,login,ASP,via,my,Quanta,Web,Site,She,had,waited,for,10,minutes,There,was,no,response,She,also,trid,to,reboot,computer,The,situation,is,still,the,same,Please,help,Her,is",,3,網路,1,SAP,[1.1883461e-07 4.6725552e-05 1.9975211e-03 9.9795520e-01 3.9310549e-07]
2228,"windows,密碼過期,休假,無法,VPN,密碼",,1,SAP,2,其他,[1.2852518e-28 1.0000000e+00 1.5099212e-12 4.9621752e-16 6.4109243e-19]
627,"ECN,E0,0770,儘快,268,生效",,2,其他,1,SAP,[4.1913559e-08 1.7987848e-08 9.9982750e-01 1.2116773e-05 1.6017472e-04]
7368,"申請,group,email",,2,其他,0,Outlook與郵件,[8.5263241e-07 8.2066248e-07 9.9981993e-01 1.0861017e-04 6.9785754e-05]
5126,"沒辦法,create,delivery",,3,網路,1,SAP,[0.03812544 0.14542942 0.23235598 0.492583   0.09150617]
6569,"開機,輸入密碼,無法登入,確定,輸入,密碼,正確",,4,資訊系統,2,其他,[1.2287305e-05 7.7000201e-05 6.7665833e-03 4.1883593e-04 9.9272525e-01]
4394,"某料號,SAP,168,裡需,歐元給,匈牙利,系統,帶不出,order,price,價格,顯示,QSMC268,方面,同一,料號,相同,情況,臺北,財務部,問題,無法,解決",,3,網路,1,SAP,[0.04091518 0.14869374 0.28536326 0.43311837 0.09190959]
2063,"WORD,文檔,插入,PDF,文件,提示,物件,使用,程式,acroexch,建立,電腦,安裝,程式,安裝,acroexch",,3,網路,2,其他,[2.8849586e-08 2.9973330e-07 1.9073552e-05 9.9998057e-01 1.3163529e-09]
4407,"iPhone,iOS,1.07,版本,無法,看出,紀錄",,0,Outlook與郵件,4,資訊系統,[0.57812953 0.00165272 0.07599104 0.00128096 0.34294572]
266,"客人,來訪,希望,行動裝置,EX,NB,平板,上網,是否,AP,提供",,2,其他,3,網路,[3.2620508e-02 7.6694387e-06 9.0119576e-01 6.5731198e-02 4.4485054e-04]
7453,"新增,專案,人員,NAME,Floria,Chen,陳貴",,3,網路,4,資訊系統,[0.0000000e+00 9.4050906e-26 1.2319459e-23 1.0000000e+00 2.7069294e-38]
1411,"廣達,菁英,學校,無法,撥放,影片,可否,告知,需灌,軟體",,0,Outlook與郵件,2,其他,[9.2773831e-01 8.1702186e-05 6.3133530e-02 2.4311331e-03 6.6152522e-03]
409,"開啟,office,檔案,網外,網時,不斷,跳出,windows,安全性,視窗,要求,再次,輸入密碼,輸入,完畢,後會,導致,電腦當機",,4,資訊系統,2,其他,[8.2822299e-10 2.5699600e-07 2.9498453e-05 1.6962863e-07 9.9997008e-01]
9814,"會議,系統,NB,有時,斷線,有時,接上",,3,網路,2,其他,[7.2546818e-08 1.3863792e-05 5.5084992e-02 9.4490087e-01 1.2411988e-07]
7951,"填寫,出差旅費申報單,選擇,比例,分攤,按下,新增,分攤,項目,系統,出現錯誤",,2,其他,4,資訊系統,[1.2860322e-08 1.1311634e-08 9.4732088e-01 5.2679025e-02 1.2967524e-07]
2519,"IE,要求,輸入密碼,登出,登入,無法,解決",,2,其他,3,網路,[8.1784407e-08 4.2095234e-08 7.5035977e-01 1.3497364e-05 2.4962664e-01]
1913,"申請,一個,email,address,for,app,store,認證,使用,email,address,可以給,廣達,部門,只用,每個,部門,產品,丟到,app,store,使用,email,address,認證",,2,其他,0,Outlook與郵件,[1.1718794e-20 4.7093273e-23 1.0000000e+00 1.4411080e-14 7.3161156e-12]
7801,"268,第二層,LOGIN,無法,順利,登入",,4,資訊系統,1,SAP,[0.07471891 0.06619096 0.33478802 0.08146812 0.442834  ]
2798,"ECN,still,does,not,show,up,in,268,APP07",,3,網路,1,SAP,[1.7924973e-09 9.9648460e-06 7.5807795e-05 9.9991417e-01 8.7385716e-09]
2009,"表示,操作,SAP,268,10,問題,相關人",,2,其他,1,SAP,[0.0000000e+00 0.0000000e+00 1.0000000e+00 5.7598617e-34 4.3037693e-31]
1432,"印表機,設定,無法,正常,運作",,0,Outlook與郵件,2,其他,[0.565402   0.03188177 0.19440064 0.07992217 0.12839341]
9666,"A028,網路,網路無法連線",,2,其他,3,網路,[0.05328409 0.05428199 0.6171562  0.19936785 0.07590988]
7687,"月底,電腦,備份,Outlook,PST,檔移,電腦,發現,需要,key,in,密碼,打開,並未,曾將,PST,設定,密碼,使用,登入,電腦,密碼,無效,郵件,無法,觀看",,2,其他,0,Outlook與郵件,[0.03078808 0.00254543 0.8136476  0.0222596  0.13075922]
6602,"中午,網路,C213,無法連結,網路",,2,其他,3,網路,[0.01398897 0.00995764 0.83742267 0.0720217  0.06660904]
25,"serverQRDCFS01,無法,上面,程式,出現,系統管理員,權限,提示",,0,Outlook與郵件,2,其他,[9.9999988e-01 4.2413239e-19 1.7473475e-07 1.3690622e-13 2.6651207e-11]
5815,"辦法,進入,my,quanta",,0,Outlook與郵件,3,網路,[0.4801116  0.00678622 0.14197418 0.00823801 0.36289   ]
8913,"TCC,Server,無法登入",,0,Outlook與郵件,1,SAP,[9.3144524e-01 2.5688854e-04 5.9103359e-02 1.4831088e-03 7.7114468e-03]
3224,"QCMC,廠區,預約,Plug,in,out,設備,系統,出現,Please,wait,停滯,不動",,3,網路,4,資訊系統,[4.4374565e-07 2.9745244e-04 1.3262101e-03 9.9837363e-01 2.2328736e-06]
849,"安裝,外部,軟體,連出,公司,網外,客戶,伺服器,下載,安裝,顯示,法連入,外網,無法安裝",,2,其他,3,網路,[4.9224711e-04 2.1762385e-06 9.9599862e-01 5.7201867e-04 2.9348927e-03]
3612,"表單,簽核,代理人,無法,變更",,1,SAP,4,資訊系統,[1.4465476e-10 9.9993360e-01 6.0986007e-05 2.9128694e-06 2.4626163e-06]
